,alias,auctionEndTime,baseCcy,category,contTdSwTime,ctMult,ctType,ctVal,ctValCcy,expTime,futureSettlement,instFamily,instId,instIdCode,instType,lever,listTime,lotSz,maxIcebergSz,maxLmtAmt,maxLmtSz,maxMktAmt,maxMktSz,maxStopSz,maxTriggerSz,maxTwapSz,minSz,openType,optType,quoteCcy,ruleType,settleCcy,state,stk,tickSz,tradeQuoteCcyList,uly
0,,,,1,,1,inverse,100,USD,,False,BTC-USD,BTC-USD-SWAP,10458,SWAP,100,1535424203000,1,100000000.0000000000000000,20000000,100000000,,30000,30000,100000000.0000000000000000,100000000.0000000000000000,1,,,,normal,BTC,live,,0.1,[],BTC-USD
1,,,,1,,1,inverse,10,USD,,False,ETH-USD,ETH-USD-SWAP,10460,SWAP,100,1545378827000,1,100000000.0000000000000000,20000000,100000000,,300000,300000,100000000.0000000000000000,100000000.0000000000000000,1,,,,normal,ETH,live,,0.01,[],ETH-USD
2,,,,1,,1,inverse,10,USD,,False,SOL-USD,SOL-USD-SWAP,47079,SWAP,50,1637833825870,1,100000000.0000000000000000,20000000,100000000,,12000,12000,100000000.0000000000000000,100000000.0000000000000000,1,,,,normal,SOL,live,,0.01,[],SOL-USD
3,,,,1,,1,inverse,10,USD,,False,DOGE-USD,DOGE-USD-SWAP,11754,SWAP,50,1612256400000,1,100000000.0000000000000000,20000000,100000000,,30000,30000,100000000.0000000000000000,100000000.0000000000000000,1,,,,normal,DOGE,live,,0.00001,[],DOGE-USD
4,,,,1,,1,inverse,10,USD,,False,XRP-USD,XRP-USD-SWAP,10470,SWAP,50,1545378827000,1,100000000.0000000000000000,20000000,100000000,,40000,40000,100000000.0000000000000000,100000000.0000000000000000,1,,,,normal,XRP,live,,0.0001,[],XRP-USD
5,,,,1,,1,inverse,10,USD,,False,ADA-USD,ADA-USD-SWAP,10482,SWAP,20,1582888608000,1,100000000.0000000000000000,20000000,100000000,,10000,10000,100000000.0000000000000000,100000000.0000000000000000,1,,,,normal,ADA,live,,0.0001,[],ADA-USD
6,,,,1,,1,inverse,10,USD,,False,ATOM-USD,ATOM-USD-SWAP,10489,SWAP,20,1535424203000,1,100000000.0000000000000000,20000000,100000000,,6000,6000,100000000.0000000000000000,100000000.0000000000000000,1,,,,normal,ATOM,live,,0.001,[],ATOM-USD
7,,,,1,,1,inverse,10,USD,,False,AVAX-USD,AVAX-USD-SWAP,47080,SWAP,20,1637833836891,1,100000000.0000000000000000,20000000,100000000,,5000,5000,100000000.0000000000000000,100000000.0000000000000000,1,,,,normal,AVAX,live,,0.001,[],AVAX-USD
8,,,,1,,1,inverse,10,USD,,False,BCH-USD,BCH-USD-SWAP,10464,SWAP,20,1545378827000,1,100000000.0000000000000000,20000000,100000000,,3000,3000,100000000.0000000000000000,100000000.0000000000000000,1,,,,normal,BCH,live,,0.1,[],BCH-USD
9,,,,1,,1,inverse,10,USD,,False,DOT-USD,DOT-USD-SWAP,10503,SWAP,20,1599041571000,1,100000000.0000000000000000,20000000,100000000,,10000,10000,100000000.0000000000000000,100000000.0000000000000000,1,,,,normal,DOT,live,,0.001,[],DOT-USD
10,,,,1,,1,inverse,10,USD,,False,ETC-USD,ETC-USD-SWAP,10468,SWAP,20,1545378827000,1,100000000.0000000000000000,20000000,100000000,,7000,7000,100000000.0000000000000000,100000000.0000000000000000,1,,,,normal,ETC,live,,0.01,[],ETC-USD
11,,,,1,,1,inverse,10,USD,,False,FIL-USD,FIL-USD-SWAP,10506,SWAP,50,1607580000000,1,100000000.0000000000000000,20000000,100000000,,8000,8000,100000000.0000000000000000,100000000.0000000000000000,1,,,,normal,FIL,live,,0.001,[],FIL-USD
12,,,,1,,1,inverse,10,USD,,False,LINK-USD,LINK-USD-SWAP,10518,SWAP,50,1582888608000,1,100000000.0000000000000000,20000000,100000000,,7000,7000,100000000.0000000000000000,100000000.0000000000000000,1,,,,normal,LINK,live,,0.001,[],LINK-USD
13,,,,1,,1,inverse,10,USD,,False,LTC-USD,LTC-USD-SWAP,10462,SWAP,50,1545378827000,1,100000000.0000000000000000,20000000,100000000,,20000,20000,100000000.0000000000000000,100000000.0000000000000000,1,,,,normal,LTC,live,,0.01,[],LTC-USD
14,,,,1,,1,inverse,10,USD,,False,OP-USD,OP-USD-SWAP,158825,SWAP,20,1715588701379,1,100000000.0000000000000000,20000000,100000000,,3000,3000,100000000.0000000000000000,100000000.0000000000000000,1,,,,normal,OP,live,,0.0001,[],OP-USD
15,,,,1,,1,inverse,10,USD,,False,SUI-USD,SUI-USD-SWAP,180525,SWAP,20,1729234800104,1,100000000.0000000000000000,20000000,100000000,,10000,10000,100000000.0000000000000000,100000000.0000000000000000,1,,,,normal,SUI,live,,0.0001,[],SUI-USD
16,,,,1,,1,inverse,10,USD,,False,TRX-USD,TRX-USD-SWAP,10472,SWAP,20,1547611763000,1,100000000.0000000000000000,20000000,100000000,,6000,6000,100000000.0000000000000000,100000000.0000000000000000,1,,,,normal,TRX,live,,0.00001,[],TRX-USD
17,,,,1,,1,inverse,10,USD,,False,UNI-USD,UNI-USD-SWAP,10542,SWAP,20,1600340400000,1,100000000.0000000000000000,20000000,100000000,,10000,10000,100000000.0000000000000000,100000000.0000000000000000,1,,,,normal,UNI,live,,0.001,[],UNI-USD
18,,,,1,,1,inverse,10,USD,,False,XLM-USD,XLM-USD-SWAP,10480,SWAP,20,1535424203000,1,100000000.0000000000000000,20000000,100000000,,8000,8000,100000000.0000000000000000,100000000.0000000000000000,1,,,,normal,XLM,live,,0.00001,[],XLM-USD
19,,,,1,,1,linear,0.01,BTC,,False,BTC-USDT,BTC-USDT-SWAP,10459,SWAP,100,1573557408000,0.01,100000000.0000000000000000,20000000,100000000,,12000,12000,100000000.0000000000000000,100000000.0000000000000000,0.01,,,,normal,USDT,live,,0.1,[],BTC-USDT
20,,,,1,,1,linear,0.1,ETH,,False,ETH-USDT,ETH-USDT-SWAP,10461,SWAP,100,1573557408000,0.01,100000000.0000000000000000,20000000,100000000,,20000,20000,100000000.0000000000000000,100000000.0000000000000000,0.01,,,,normal,USDT,live,,0.01,[],ETH-USDT
21,,,,1,,1,linear,1,SOL,,False,SOL-USDT,SOL-USDT-SWAP,10530,SWAP,50,1611298800000,0.01,100000000.0000000000000000,20000000,100000000,,15000,15000,100000000.0000000000000000,100000000.0000000000000000,0.01,,,,normal,USDT,live,,0.01,[],SOL-USDT
22,,,,1,,1,linear,1,TON,,False,TON-USDT,TON-USDT-SWAP,111370,SWAP,20,1672210451828,1,100000000.0000000000000000,20000000,100000000,,40000,40000,100000000.0000000000000000,100000000.0000000000000000,1,,,,normal,USDT,live,,0.001,[],TON-USDT
23,,,,1,,1,linear,1000,DOGE,,False,DOGE-USDT,DOGE-USDT-SWAP,10502,SWAP,50,1587463971000,0.01,100000000.0000000000000000,20000000,100000000,,12000,12000,100000000.0000000000000000,100000000.0000000000000000,0.01,,,,normal,USDT,live,,0.00001,[],DOGE-USDT
24,,,,1,,1,linear,100,XRP,,False,XRP-USDT,XRP-USDT-SWAP,10471,SWAP,50,1573557408000,0.01,100000000.0000000000000000,20000000,100000000,,15000,15000,100000000.0000000000000000,100000000.0000000000000000,0.01,,,,normal,USDT,live,,0.0001,[],XRP-USDT
25,,,,1,,1,linear,1,PI,,False,PI-USDT,PI-USDT-SWAP,198319,SWAP,20,1740042000388,1,100000000.0000000000000000,20000000,100000000,,100000,100000,100000000.0000000000000000,100000000.0000000000000000,1,,,,normal,USDT,live,,0.0001,[],PI-USDT
26,,,,1,,1,linear,100,SPK,,False,SPK-USDT,SPK-USDT-SWAP,214785,SWAP,20,1750156200346,1,100000000.0000000000000000,20000000,100000000,,20000,20000,100000000.0000000000000000,100000000.0000000000000000,1,,,,normal,USDT,live,,0.00001,[],SPK-USDT
27,,,,1,,1,linear,1,MAGIC,,False,MAGIC-USDT,MAGIC-USDT-SWAP,114225,SWAP,50,1675321549791,1,100000000.0000000000000000,20000000,100000000,,70000,70000,100000000.0000000000000000,100000000.0000000000000000,1,,,,normal,USDT,live,,0.00001,[],MAGIC-USDT
28,,,,1,,1,linear,1,1INCH,,False,1INCH-USDT,1INCH-USDT-SWAP,10484,SWAP,20,1608863400000,1,100000000.0000000000000000,20000000,100000000,,130000,130000,100000000.0000000000000000,100000000.0000000000000000,1,,,,normal,USDT,live,,0.0001,[],1INCH-USDT
29,,,,1,,1,linear,10,A,,False,A-USDT,A-USDT-SWAP,212240,SWAP,50,1748514600412,1,100000000.0000000000000000,20000000,100000000,,20000,20000,100000000.0000000000000000,100000000.0000000000000000,1,,,,normal,USDT,live,,0.0001,[],A-USDT
30,,,,1,,1,linear,0.1,AAVE,,False,AAVE-USDT,AAVE-USDT-SWAP,10485,SWAP,50,1607580000000,0.1,100000000.0000000000000000,20000000,100000000,,15000,15000,100000000.0000000000000000,100000000.0000000000000000,0.1,,,,normal,USDT,live,,0.01,[],AAVE-USDT
31,,,,1,,1,linear,1,ACE,,False,ACE-USDT,ACE-USDT-SWAP,141678,SWAP,20,1702884300614,1,100000000.0000000000000000,20000000,100000000,,10000,10000,100000000.0000000000000000,100000000.0000000000000000,1,,,,normal,USDT,live,,0.0001,[],ACE-USDT
32,,,,1,,1,linear,100,ACH,,False,ACH-USDT,ACH-USDT-SWAP,149234,SWAP,20,1708590301084,1,100000000.0000000000000000,20000000,100000000,,10000,10000,100000000.0000000000000000,100000000.0000000000000000,1,,,,normal,USDT,live,,0.00001,[],ACH-USDT
33,,,,1,,1,linear,1,ACT,,False,ACT-USDT,ACT-USDT-SWAP,184433,SWAP,20,1731582000644,1,100000000.0000000000000000,20000000,100000000,,100000,100000,100000000.0000000000000000,100000000.0000000000000000,1,,,,normal,USDT,live,,0.00001,[],ACT-USDT
34,,,,1,,1,linear,100,ADA,,False,ADA-USDT,ADA-USDT-SWAP,10483,SWAP,50,1582888608000,0.1,100000000.0000000000000000,20000000,100000000,,10000,10000,100000000.0000000000000000,100000000.0000000000000000,0.1,,,,normal,USDT,live,,0.0001,[],ADA-USDT
35,,,,1,,1,linear,10,AERO,,False,AERO-USDT,AERO-USDT-SWAP,216936,SWAP,50,1751523300260,1,100000000.0000000000000000,20000000,100000000,,10000,10000,100000000.0000000000000000,100000000.0000000000000000,1,,,,normal,USDT,live,,0.0001,[],AERO-USDT
36,,,,1,,1,linear,1,AEVO,,False,AEVO-USDT,AEVO-USDT-SWAP,151594,SWAP,20,1710325520298,1,100000000.0000000000000000,20000000,100000000,,50000,50000,100000000.0000000000000000,100000000.0000000000000000,1,,,,normal,USDT,live,,0.00001,[],AEVO-USDT
37,,,,1,,1,linear,1,AGLD,,False,AGLD-USDT,AGLD-USDT-SWAP,41191,SWAP,20,1631008650016,1,100000000.0000000000000000,20000000,100000000,,54000,54000,100000000.0000000000000000,100000000.0000000000000000,1,,,,normal,USDT,live,,0.0001,[],AGLD-USDT
38,,,,1,,1,linear,1,AI16Z,,False,AI16Z-USDT,AI16Z-USDT-SWAP,189539,SWAP,20,1734686100190,1,100000000.0000000000000000,20000000,100000000,,100000,100000,100000000.0000000000000000,100000000.0000000000000000,1,,,,normal,USDT,live,,0.0001,[],AI16Z-USDT
39,,,,1,,1,linear,10,AIXBT,,False,AIXBT-USDT,AIXBT-USDT-SWAP,191456,SWAP,20,1735887600188,1,100000000.0000000000000000,20000000,100000000,,20000,20000,100000000.0000000000000000,100000000.0000000000000000,1,,,,normal,USDT,live,,0.00001,[],AIXBT-USDT
40,,,,1,,1,linear,10,ALCH,,False,ALCH-USDT,ALCH-USDT-SWAP,191457,SWAP,20,1735888500097,1,100000000.0000000000000000,20000000,100000000,,50000,50000,100000000.0000000000000000,100000000.0000000000000000,1,,,,normal,USDT,live,,0.00001,[],ALCH-USDT
41,,,,1,,1,linear,10,ALGO,,False,ALGO-USDT,ALGO-USDT-SWAP,10487,SWAP,50,1587463971000,1,100000000.0000000000000000,20000000,100000000,,55000,55000,100000000.0000000000000000,100000000.0000000000000000,1,,,,normal,USDT,live,,0.0001,[],ALGO-USDT
42,,,,1,,1,linear,10,ANIME,,False,ANIME-USDT,ANIME-USDT-SWAP,194315,SWAP,50,1737644401356,1,100000000.0000000000000000,20000000,100000000,,100000,100000,100000000.0000000000000000,100000000.0000000000000000,1,,,,normal,USDT,live,,0.00001,[],ANIME-USDT
43,,,,1,,1,linear,0.1,APE,,False,APE-USDT,APE-USDT-SWAP,80553,SWAP,20,1647522059555,1,100000000.0000000000000000,20000000,100000000,,420000,420000,100000000.0000000000000000,100000000.0000000000000000,1,,,,normal,USDT,live,,0.0001,[],APE-USDT
44,,,,1,,1,linear,1,API3,,False,API3-USDT,API3-USDT-SWAP,54789,SWAP,20,1646297716213,1,100000000.0000000000000000,20000000,100000000,,14000,14000,100000000.0000000000000000,100000000.0000000000000000,1,,,,normal,USDT,live,,0.0001,[],API3-USDT
45,,,,1,,1,linear,1,APT,,False,APT-USDT,APT-USDT-SWAP,104900,SWAP,50,1666142328522,1,100000000.0000000000000000,20000000,100000000,,55000,55000,100000000.0000000000000000,100000000.0000000000000000,1,,,,normal,USDT,live,,0.001,[],APT-USDT
46,,,,1,,1,linear,0.1,AR,,False,AR-USDT,AR-USDT-SWAP,114960,SWAP,20,1676357700186,1,100000000.0000000000000000,20000000,100000000,,90000,90000,100000000.0000000000000000,100000000.0000000000000000,1,,,,normal,USDT,live,,0.001,[],AR-USDT
47,,,,1,,1,linear,10,ARB,,False,ARB-USDT,ARB-USDT-SWAP,117782,SWAP,20,1679580094937,0.1,100000000.0000000000000000,20000000,100000000,,30000,30000,100000000.0000000000000000,100000000.0000000000000000,0.1,,,,normal,USDT,live,,0.0001,[],ARB-USDT
48,,,,1,,1,linear,10,ARC,,False,ARC-USDT,ARC-USDT-SWAP,194549,SWAP,20,1737716401522,1,100000000.0000000000000000,20000000,100000000,,20000,20000,100000000.0000000000000000,100000000.0000000000000000,1,,,,normal,USDT,live,,0.00001,[],ARC-USDT
49,,,,1,,1,linear,1,ARKM,,False,ARKM-USDT,ARKM-USDT-SWAP,185260,SWAP,20,1732177800122,1,100000000.0000000000000000,20000000,100000000,,50000,50000,100000000.0000000000000000,100000000.0000000000000000,1,,,,normal,USDT,live,,0.0001,[],ARKM-USDT
50,,,,1,,1,linear,100,ATH,,False,ATH-USDT,ATH-USDT-SWAP,162196,SWAP,20,1718250900308,1,100000000.0000000000000000,20000000,100000000,,20000,20000,100000000.0000000000000000,100000000.0000000000000000,1,,,,normal,USDT,live,,0.00001,[],ATH-USDT
51,,,,1,,1,linear,1,ATOM,,False,ATOM-USDT,ATOM-USDT-SWAP,10490,SWAP,50,1573557408000,1,100000000.0000000000000000,20000000,100000000,,20000,20000,100000000.0000000000000000,100000000.0000000000000000,1,,,,normal,USDT,live,,0.001,[],ATOM-USDT
52,,,,1,,1,linear,0.1,AUCTION,,False,AUCTION-USDT,AUCTION-USDT-SWAP,139330,SWAP,20,1701417300613,1,100000000.0000000000000000,20000000,100000000,,100000,100000,100000000.0000000000000000,100000000.0000000000000000,1,,,,normal,USDT,live,,0.001,[],AUCTION-USDT
53,,,,1,,1,linear,1,AVAX,,False,AVAX-USDT,AVAX-USDT-SWAP,10491,SWAP,50,1600840800000,0.1,100000000.0000000000000000,20000000,100000000,,15000,15000,100000000.0000000000000000,100000000.0000000000000000,0.1,,,,normal,USDT,live,,0.001,[],AVAX-USDT
54,,,,1,,1,linear,10,AVAAI,,False,AVAAI-USDT,AVAAI-USDT-SWAP,194933,SWAP,20,1737975602080,1,100000000.0000000000000000,20000000,100000000,,100000,100000,100000000.0000000000000000,100000000.0000000000000000,1,,,,normal,USDT,live,,0.00001,[],AVAAI-USDT
55,,,,1,,1,linear,0.1,AXS,,False,AXS-USDT,AXS-USDT-SWAP,26858,SWAP,20,1627462800000,1,100000000.0000000000000000,20000000,100000000,,150000,150000,100000000.0000000000000000,100000000.0000000000000000,1,,,,normal,USDT,live,,0.001,[],AXS-USDT
56,,,,1,,1,linear,10,BABY,,False,BABY-USDT,BABY-USDT-SWAP,205558,SWAP,50,1744282800387,1,100000000.0000000000000000,20000000,100000000,,100000,100000,100000000.0000000000000000,100000000.0000000000000000,1,,,,normal,USDT,live,,0.00001,[],BABY-USDT
57,,,,1,,1,linear,1,BAND,,False,BAND-USDT,BAND-USDT-SWAP,10493,SWAP,20,1599473571000,1,100000000.0000000000000000,20000000,100000000,,30000,30000,100000000.0000000000000000,100000000.0000000000000000,1,,,,normal,USDT,live,,0.0001,[],BAND-USDT
58,,,,1,,1,linear,10,BAT,,False,BAT-USDT,BAT-USDT-SWAP,10494,SWAP,20,1598609571000,1,100000000.0000000000000000,20000000,100000000,,23000,23000,100000000.0000000000000000,100000000.0000000000000000,1,,,,normal,USDT,live,,0.0001,[],BAT-USDT
59,,,,1,,1,linear,0.1,BCH,,False,BCH-USDT,BCH-USDT-SWAP,10465,SWAP,50,1573557408000,0.1,100000000.0000000000000000,20000000,100000000,,20000,20000,100000000.0000000000000000,100000000.0000000000000000,0.1,,,,normal,USDT,live,,0.1,[],BCH-USDT
60,,,,1,,1,linear,0.1,BERA,,False,BERA-USDT,BERA-USDT-SWAP,196524,SWAP,20,1738850401850,1,100000000.0000000000000000,20000000,100000000,,100000,100000,100000000.0000000000000000,100000000.0000000000000000,1,,,,normal,USDT,live,,0.001,[],BERA-USDT
61,,,,1,,1,linear,1,BICO,,False,BICO-USDT,BICO-USDT-SWAP,48267,SWAP,20,1639032617371,1,100000000.0000000000000000,20000000,100000000,,33000,33000,100000000.0000000000000000,100000000.0000000000000000,1,,,,normal,USDT,live,,0.00001,[],BICO-USDT
62,,,,1,,1,linear,10,BIGTIME,,False,BIGTIME-USDT,BIGTIME-USDT-SWAP,134576,SWAP,20,1697115300862,1,100000000.0000000000000000,20000000,100000000,,50000,50000,100000000.0000000000000000,100000000.0000000000000000,1,,,,normal,USDT,live,,0.00001,[],BIGTIME-USDT
63,,,,1,,1,linear,1,BIO,,False,BIO-USDT,BIO-USDT-SWAP,191474,SWAP,20,1735901100474,1,100000000.0000000000000000,20000000,100000000,,100000,100000,100000000.0000000000000000,100000000.0000000000000000,1,,,,normal,USDT,live,,0.00001,[],BIO-USDT
64,,,,1,,1,linear,10,BLUR,,False,BLUR-USDT,BLUR-USDT-SWAP,115030,SWAP,20,1676429700181,1,100000000.0000000000000000,20000000,100000000,,25000,25000,100000000.0000000000000000,100000000.0000000000000000,1,,,,normal,USDT,live,,0.00001,[],BLUR-USDT
65,,,,1,,1,linear,0.01,BNB,,False,BNB-USDT,BNB-USDT-SWAP,111061,SWAP,50,1671778428049,1,100000000.0000000000000000,20000000,100000000,,100000,100000,100000000.0000000000000000,100000000.0000000000000000,1,,,,normal,USDT,live,,0.1,[],BNB-USDT
66,,,,1,,1,linear,10,BNT,,False,BNT-USDT,BNT-USDT-SWAP,10495,SWAP,20,1608620400000,1,100000000.0000000000000000,20000000,100000000,,4400,4400,100000000.0000000000000000,100000000.0000000000000000,1,,,,normal,USDT,live,,0.0001,[],BNT-USDT
67,,,,1,,1,linear,1000,BOME,,False,BOME-USDT,BOME-USDT-SWAP,170930,SWAP,20,1723717202042,1,100000000.0000000000000000,20000000,100000000,,20000,20000,100000000.0000000000000000,100000000.0000000000000000,1,,,,normal,USDT,live,,0.000001,[],BOME-USDT
68,,,,1,,1,linear,100000,BONK,,False,BONK-USDT,BONK-USDT-SWAP,143864,SWAP,20,1704695217299,1,100000000.0000000000000000,20000000,100000000,,100000,100000,100000000.0000000000000000,100000000.0000000000000000,1,,,,normal,USDT,live,,0.000000001,[],BONK-USDT
69,,,,1,,1,linear,100,BRETT,,False,BRETT-USDT,BRETT-USDT-SWAP,173473,SWAP,20,1725617701730,1,100000000.0000000000000000,20000000,100000000,,20000,20000,100000000.0000000000000000,100000000.0000000000000000,1,,,,normal,USDT,live,,0.00001,[],BRETT-USDT
70,,,,1,,1,linear,100000,CAT,,False,CAT-USDT,CAT-USDT-SWAP,173474,SWAP,20,1725618600681,1,100000000.0000000000000000,20000000,100000000,,50000,50000,100000000.0000000000000000,100000000.0000000000000000,1,,,,normal,USDT,live,,0.000000001,[],CAT-USDT
71,,,,1,,1,linear,1,CATI,,False,CATI-USDT,CATI-USDT-SWAP,175147,SWAP,20,1726828200112,1,100000000.0000000000000000,20000000,100000000,,100000,100000,100000000.0000000000000000,100000000.0000000000000000,1,,,,normal,USDT,live,,0.00001,[],CATI-USDT
72,,,,1,,1,linear,1,CELO,,False,CELO-USDT,CELO-USDT-SWAP,42683,SWAP,20,1632477785202,1,100000000.0000000000000000,20000000,100000000,,50000,50000,100000000.0000000000000000,100000000.0000000000000000,1,,,,normal,USDT,live,,0.0001,[],CELO-USDT
73,,,,1,,1,linear,10,CETUS,,False,CETUS-USDT,CETUS-USDT-SWAP,121206,SWAP,20,1683716471697,1,100000000.0000000000000000,20000000,100000000,,30000,30000,100000000.0000000000000000,100000000.0000000000000000,1,,,,normal,USDT,live,,0.00001,[],CETUS-USDT
74,,,,1,,1,linear,10,CFX,,False,CFX-USDT,CFX-USDT-SWAP,16650,SWAP,20,1615539600000,1,100000000.0000000000000000,20000000,100000000,,120000,120000,100000000.0000000000000000,100000000.0000000000000000,1,,,,normal,USDT,live,,0.00001,[],CFX-USDT
75,,,,1,,1,linear,10,CHZ,,False,CHZ-USDT,CHZ-USDT-SWAP,16651,SWAP,50,1615539600000,1,100000000.0000000000000000,20000000,100000000,,70000,70000,100000000.0000000000000000,100000000.0000000000000000,1,,,,normal,USDT,live,,0.00001,[],CHZ-USDT
76,,,,1,,1,linear,0.1,COMP,,False,COMP-USDT,COMP-USDT-SWAP,10498,SWAP,20,1587463971000,1,100000000.0000000000000000,20000000,100000000,,14000,14000,100000000.0000000000000000,100000000.0000000000000000,1,,,,normal,USDT,live,,0.01,[],COMP-USDT
77,,,,1,,1,linear,10,COOKIE,,False,COOKIE-USDT,COOKIE-USDT-SWAP,194547,SWAP,20,1737718200560,1,100000000.0000000000000000,20000000,100000000,,20000,20000,100000000.0000000000000000,100000000.0000000000000000,1,,,,normal,USDT,live,,0.00001,[],COOKIE-USDT
78,,,,1,,1,linear,1,CORE,,False,CORE-USDT,CORE-USDT-SWAP,114601,SWAP,20,1675864514708,1,100000000.0000000000000000,20000000,100000000,,40000,40000,100000000.0000000000000000,100000000.0000000000000000,1,,,,normal,USDT,live,,0.0001,[],CORE-USDT
79,,,,1,,1,linear,10,CRO,,False,CRO-USDT,CRO-USDT-SWAP,18476,SWAP,20,1617872400000,1,100000000.0000000000000000,20000000,100000000,,30000,30000,100000000.0000000000000000,100000000.0000000000000000,1,,,,normal,USDT,live,,0.00001,[],CRO-USDT
80,,,,1,,1,linear,1,CRV,,False,CRV-USDT,CRV-USDT-SWAP,10500,SWAP,50,1599214371000,1,100000000.0000000000000000,20000000,100000000,,150000,150000,100000000.0000000000000000,100000000.0000000000000000,1,,,,normal,USDT,live,,0.0001,[],CRV-USDT
81,,,,1,,1,linear,10,CTC,,False,CTC-USDT,CTC-USDT-SWAP,141067,SWAP,20,1702540523695,1,100000000.0000000000000000,20000000,100000000,,3000,3000,100000000.0000000000000000,100000000.0000000000000000,1,,,,normal,USDT,live,,0.0001,[],CTC-USDT
82,,,,1,,1,linear,100,CVC,,False,CVC-USDT,CVC-USDT-SWAP,10501,SWAP,20,1607580000000,1,100000000.0000000000000000,20000000,100000000,,3000,3000,100000000.0000000000000000,100000000.0000000000000000,1,,,,normal,USDT,live,,0.00001,[],CVC-USDT
83,,,,1,,1,linear,1,CVX,,False,CVX-USDT,CVX-USDT-SWAP,163800,SWAP,20,1719303900750,1,100000000.0000000000000000,20000000,100000000,,4000,4000,100000000.0000000000000000,100000000.0000000000000000,1,,,,normal,USDT,live,,0.001,[],CVX-USDT
84,,,,1,,1,linear,100,DEGEN,,False,DEGEN-USDT,DEGEN-USDT-SWAP,185262,SWAP,20,1732176000192,1,100000000.0000000000000000,20000000,100000000,,50000,50000,100000000.0000000000000000,100000000.0000000000000000,1,,,,normal,USDT,live,,0.000001,[],DEGEN-USDT
85,,,,1,,1,linear,100,DGB,,False,DGB-USDT,DGB-USDT-SWAP,150366,SWAP,20,1709281500656,1,100000000.0000000000000000,20000000,100000000,,10000,10000,100000000.0000000000000000,100000000.0000000000000000,1,,,,normal,USDT,live,,0.000001,[],DGB-USDT
86,,,,1,,1,linear,1000,DOGS,,False,DOGS-USDT,DOGS-USDT-SWAP,172312,SWAP,20,1724675400737,1,100000000.0000000000000000,20000000,100000000,,50000,50000,100000000.0000000000000000,100000000.0000000000000000,1,,,,normal,USDT,live,,0.0000001,[],DOGS-USDT
87,,,,1,,1,linear,1000,DOG,,False,DOG-USDT,DOG-USDT-SWAP,185120,SWAP,20,1731996004461,1,100000000.0000000000000000,20000000,100000000,,20000,20000,100000000.0000000000000000,100000000.0000000000000000,1,,,,normal,USDT,live,,0.000001,[],DOG-USDT
88,,,,1,,1,linear,1000,DOOD,,False,DOOD-USDT,DOOD-USDT-SWAP,209986,SWAP,20,1747051200521,1,100000000.0000000000000000,20000000,100000000,,20000,20000,100000000.0000000000000000,100000000.0000000000000000,1,,,,normal,USDT,live,,0.000001,[],DOOD-USDT
89,,,,1,,1,linear,1,DOT,,False,DOT-USDT,DOT-USDT-SWAP,10504,SWAP,50,1598350371000,1,100000000.0000000000000000,20000000,100000000,,70000,70000,100000000.0000000000000000,100000000.0000000000000000,1,,,,normal,USDT,live,,0.001,[],DOT-USDT
90,,,,1,,1,linear,100,DUCK,,False,DUCK-USDT,DUCK-USDT-SWAP,193192,SWAP,20,1737025200797,1,100000000.0000000000000000,20000000,100000000,,30000,30000,100000000.0000000000000000,100000000.0000000000000000,1,,,,normal,USDT,live,,0.000001,[],DUCK-USDT
91,,,,1,,1,linear,1,DYDX,,False,DYDX-USDT,DYDX-USDT-SWAP,41286,SWAP,50,1631117510421,1,100000000.0000000000000000,20000000,100000000,,100000,100000,100000000.0000000000000000,100000000.0000000000000000,1,,,,normal,USDT,live,,0.0001,[],DYDX-USDT
92,,,,1,,1,linear,0.1,EGLD,,False,EGLD-USDT,EGLD-USDT-SWAP,10505,SWAP,20,1608620400000,1,100000000.0000000000000000,20000000,100000000,,15000,15000,100000000.0000000000000000,100000000.0000000000000000,1,,,,normal,USDT,live,,0.01,[],EGLD-USDT
93,,,,1,,1,linear,1,EIGEN,,False,EIGEN-USDT,EIGEN-USDT-SWAP,176322,SWAP,20,1727764200682,1,100000000.0000000000000000,20000000,100000000,,20000,20000,100000000.0000000000000000,100000000.0000000000000000,1,,,,normal,USDT,live,,0.0001,[],EIGEN-USDT
94,,,,1,,1,linear,10,ENJ,,False,ENJ-USDT,ENJ-USDT-SWAP,150367,SWAP,20,1709288701407,1,100000000.0000000000000000,20000000,100000000,,20000,20000,100000000.0000000000000000,100000000.0000000000000000,1,,,,normal,USDT,live,,0.00001,[],ENJ-USDT
95,,,,1,,1,linear,0.1,ENS,,False,ENS-USDT,ENS-USDT-SWAP,46126,SWAP,20,1636623946265,1,100000000.0000000000000000,20000000,100000000,,60000,60000,100000000.0000000000000000,100000000.0000000000000000,1,,,,normal,USDT,live,,0.001,[],ENS-USDT
96,,,,1,,1,linear,10,ETC,,False,ETC-USDT,ETC-USDT-SWAP,10469,SWAP,50,1573557408000,0.01,100000000.0000000000000000,20000000,100000000,,2000,2000,100000000.0000000000000000,100000000.0000000000000000,0.01,,,,normal,USDT,live,,0.01,[],ETC-USDT
97,,,,1,,1,linear,0.1,ETHW,,False,ETHW-USDT,ETHW-USDT-SWAP,101387,SWAP,20,1663311331635,1,100000000.0000000000000000,20000000,100000000,,150000,150000,100000000.0000000000000000,100000000.0000000000000000,1,,,,normal,USDT,live,,0.001,[],ETHW-USDT
98,,,,1,,1,linear,1,ETHFI,,False,ETHFI-USDT,ETHFI-USDT-SWAP,152367,SWAP,20,1710764700945,1,100000000.0000000000000000,20000000,100000000,,20000,20000,100000000.0000000000000000,100000000.0000000000000000,1,,,,normal,USDT,live,,0.0001,[],ETHFI-USDT
99,,,,1,,1,linear,1,FARTCOIN,,False,FARTCOIN-USDT,FARTCOIN-USDT-SWAP,189540,SWAP,20,1734685200393,1,100000000.0000000000000000,20000000,100000000,,100000,100000,100000000.0000000000000000,100000000.0000000000000000,1,,,,normal,USDT,live,,0.0001,[],FARTCOIN-USDT
100,,,,1,,1,linear,0.1,FIL,,False,FIL-USDT,FIL-USDT-SWAP,10507,SWAP,50,1565431971000,1,100000000.0000000000000000,20000000,100000000,,600000,600000,100000000.0000000000000000,100000000.0000000000000000,1,,,,normal,USDT,live,,0.001,[],FIL-USDT
101,,,,1,,1,linear,10,FLM,,False,FLM-USDT,FLM-USDT-SWAP,10508,SWAP,20,1601359200000,1,100000000.0000000000000000,20000000,100000000,,18000,18000,100000000.0000000000000000,100000000.0000000000000000,1,,,,normal,USDT,live,,0.00001,[],FLM-USDT
102,,,,1,,1,linear,100000,FLOKI,,False,FLOKI-USDT,FLOKI-USDT-SWAP,115489,SWAP,20,1676876100607,1,100000000.0000000000000000,20000000,100000000,,20000,20000,100000000.0000000000000000,100000000.0000000000000000,1,,,,normal,USDT,live,,0.00000001,[],FLOKI-USDT
103,,,,1,,1,linear,10,FLOW,,False,FLOW-USDT,FLOW-USDT-SWAP,137141,SWAP,50,1699350900756,1,100000000.0000000000000000,20000000,100000000,,15000,15000,100000000.0000000000000000,100000000.0000000000000000,1,,,,normal,USDT,live,,0.0001,[],FLOW-USDT
104,,,,1,,1,linear,1,FXS,,False,FXS-USDT,FXS-USDT-SWAP,144478,SWAP,20,1705046100655,1,100000000.0000000000000000,20000000,100000000,,15000,15000,100000000.0000000000000000,100000000.0000000000000000,1,,,,normal,USDT,live,,0.001,[],FXS-USDT
105,,,,1,,1,linear,10,GALA,,False,GALA-USDT,GALA-USDT-SWAP,42682,SWAP,20,1632477789599,1,100000000.0000000000000000,20000000,100000000,,800000,800000,100000000.0000000000000000,100000000.0000000000000000,1,,,,normal,USDT,live,,0.00001,[],GALA-USDT
106,,,,1,,1,linear,1,GAS,,False,GAS-USDT,GAS-USDT-SWAP,135958,SWAP,20,1698141300695,1,100000000.0000000000000000,20000000,100000000,,6000,6000,100000000.0000000000000000,100000000.0000000000000000,1,,,,normal,USDT,live,,0.001,[],GAS-USDT
107,,,,1,,1,linear,10,GLM,,False,GLM-USDT,GLM-USDT-SWAP,158496,SWAP,20,1715329501418,1,100000000.0000000000000000,20000000,100000000,,20000,20000,100000000.0000000000000000,100000000.0000000000000000,1,,,,normal,USDT,live,,0.0001,[],GLM-USDT
108,,,,1,,1,linear,1,GMT,,False,GMT-USDT,GMT-USDT-SWAP,81738,SWAP,20,1648803369890,1,100000000.0000000000000000,20000000,100000000,,250000,250000,100000000.0000000000000000,100000000.0000000000000000,1,,,,normal,USDT,live,,0.00001,[],GMT-USDT
109,,,,1,,1,linear,0.1,GMX,,False,GMX-USDT,GMX-USDT-SWAP,114226,SWAP,20,1675321542847,1,100000000.0000000000000000,20000000,100000000,,20000,20000,100000000.0000000000000000,100000000.0000000000000000,1,,,,normal,USDT,live,,0.01,[],GMX-USDT
110,,,,1,,1,linear,10,GOAT,,False,GOAT-USDT,GOAT-USDT-SWAP,181199,SWAP,20,1729760401829,1,100000000.0000000000000000,20000000,100000000,,20000,20000,100000000.0000000000000000,100000000.0000000000000000,1,,,,normal,USDT,live,,0.00001,[],GOAT-USDT
111,,,,1,,1,linear,1,GODS,,False,GODS-USDT,GODS-USDT-SWAP,45727,SWAP,20,1636113037912,1,100000000.0000000000000000,20000000,100000000,,50000,50000,100000000.0000000000000000,100000000.0000000000000000,1,,,,normal,USDT,live,,0.00001,[],GODS-USDT
112,,,,1,,1,linear,10,GPS,,False,GPS-USDT,GPS-USDT-SWAP,200413,SWAP,20,1741089600468,1,100000000.0000000000000000,20000000,100000000,,100000,100000,100000000.0000000000000000,100000000.0000000000000000,1,,,,normal,USDT,live,,0.00001,[],GPS-USDT
113,,,,1,,1,linear,1,GRASS,,False,GRASS-USDT,GRASS-USDT-SWAP,182059,SWAP,20,1730125800597,1,100000000.0000000000000000,20000000,100000000,,100000,100000,100000000.0000000000000000,100000000.0000000000000000,1,,,,normal,USDT,live,,0.0001,[],GRASS-USDT
114,,,,1,,1,linear,10,GRIFFAIN,,False,GRIFFAIN-USDT,GRIFFAIN-USDT-SWAP,190624,SWAP,20,1735282800164,1,100000000.0000000000000000,20000000,100000000,,50000,50000,100000000.0000000000000000,100000000.0000000000000000,1,,,,normal,USDT,live,,0.00001,[],GRIFFAIN-USDT
115,,,,1,,1,linear,10,GRT,,False,GRT-USDT,GRT-USDT-SWAP,10509,SWAP,50,1608458400000,1,100000000.0000000000000000,20000000,100000000,,100000,100000,100000000.0000000000000000,100000000.0000000000000000,1,,,,normal,USDT,live,,0.00001,[],GRT-USDT
116,,,,1,,1,linear,100,H,,False,H-USDT,H-USDT-SWAP,216935,SWAP,50,1751522400413,1,100000000.0000000000000000,20000000,100000000,,10000,10000,100000000.0000000000000000,100000000.0000000000000000,1,,,,normal,USDT,live,,0.00001,[],H-USDT
117,,,,1,,1,linear,100,HBAR,,False,HBAR-USDT,HBAR-USDT-SWAP,129258,SWAP,50,1692165300823,0.1,100000000.0000000000000000,20000000,100000000,,14000,14000,100000000.0000000000000000,100000000.0000000000000000,0.1,,,,normal,USDT,live,,0.00001,[],HBAR-USDT
118,,,,1,,1,linear,100,HMSTR,,False,HMSTR-USDT,HMSTR-USDT-SWAP,175743,SWAP,20,1727353800176,1,100000000.0000000000000000,20000000,100000000,,100000,100000,100000000.0000000000000000,100000000.0000000000000000,1,,,,normal,USDT,live,,0.0000001,[],HMSTR-USDT
119,,,,1,,1,linear,100,HOME,,False,HOME-USDT,HOME-USDT-SWAP,214392,SWAP,50,1749809700256,1,100000000.0000000000000000,20000000,100000000,,50000,50000,100000000.0000000000000000,100000000.0000000000000000,1,,,,normal,USDT,live,,0.00001,[],HOME-USDT
120,,,,1,,1,linear,100,HUMA,,False,HUMA-USDT,HUMA-USDT-SWAP,211893,SWAP,20,1748266200433,1,100000000.0000000000000000,20000000,100000000,,10000,10000,100000000.0000000000000000,100000000.0000000000000000,1,,,,normal,USDT,live,,0.00001,[],HUMA-USDT
121,,,,1,,1,linear,0.1,HYPE,,False,HYPE-USDT,HYPE-USDT-SWAP,198413,SWAP,20,1740121200506,1,100000000.0000000000000000,20000000,100000000,,50000,50000,100000000.0000000000000000,100000000.0000000000000000,1,,,,normal,USDT,live,,0.001,[],HYPE-USDT
122,,,,1,,1,linear,0.01,ICP,,False,ICP-USDT,ICP-USDT-SWAP,21505,SWAP,20,1620982800000,1,100000000.0000000000000000,20000000,100000000,,3200000,3200000,100000000.0000000000000000,100000000.0000000000000000,1,,,,normal,USDT,live,,0.001,[],ICP-USDT
123,,,,1,,1,linear,10,ICX,,False,ICX-USDT,ICX-USDT-SWAP,149429,SWAP,20,1708687651159,1,100000000.0000000000000000,20000000,100000000,,5000,5000,100000000.0000000000000000,100000000.0000000000000000,1,,,,normal,USDT,live,,0.00001,[],ICX-USDT
124,,,,1,,1,linear,1,IMX,,False,IMX-USDT,IMX-USDT-SWAP,46603,SWAP,50,1637218222034,1,100000000.0000000000000000,20000000,100000000,,100000,100000,100000000.0000000000000000,100000000.0000000000000000,1,,,,normal,USDT,live,,0.0001,[],IMX-USDT
125,,,,1,,1,linear,10,INIT,,False,INIT-USDT,INIT-USDT-SWAP,207523,SWAP,20,1745494200437,1,100000000.0000000000000000,20000000,100000000,,10000,10000,100000000.0000000000000000,100000000.0000000000000000,1,,,,normal,USDT,live,,0.0001,[],INIT-USDT
126,,,,1,,1,linear,0.1,INJ,,False,INJ-USDT,INJ-USDT-SWAP,139329,SWAP,50,1701345300667,1,100000000.0000000000000000,20000000,100000000,,50000,50000,100000000.0000000000000000,100000000.0000000000000000,1,,,,normal,USDT,live,,0.001,[],INJ-USDT
127,,,,1,,1,linear,1000,IOST,,False,IOST-USDT,IOST-USDT-SWAP,10511,SWAP,20,1587463971000,1,100000000.0000000000000000,20000000,100000000,,4200,4200,100000000.0000000000000000,100000000.0000000000000000,1,,,,normal,USDT,live,,0.000001,[],IOST-USDT
128,,,,1,,1,linear,10,IOTA,,False,IOTA-USDT,IOTA-USDT-SWAP,10513,SWAP,20,1587463971000,1,100000000.0000000000000000,20000000,100000000,,20000,20000,100000000.0000000000000000,100000000.0000000000000000,1,,,,normal,USDT,live,,0.0001,[],IOTA-USDT
129,,,,1,,1,linear,1,IP,,False,IP-USDT,IP-USDT-SWAP,197343,SWAP,20,1739440801995,1,100000000.0000000000000000,20000000,100000000,,20000,20000,100000000.0000000000000000,100000000.0000000000000000,1,,,,normal,USDT,live,,0.0001,[],IP-USDT
130,,,,1,,1,linear,100,JELLYJELLY,,False,JELLYJELLY-USDT,JELLYJELLY-USDT-SWAP,203463,SWAP,20,1743004470352,1,100000000.0000000000000000,20000000,100000000,,3500,3500,100000000.0000000000000000,100000000.0000000000000000,1,,,,normal,USDT,live,,0.00001,[],JELLYJELLY-USDT
131,,,,1,,1,linear,10,JOE,,False,JOE-USDT,JOE-USDT-SWAP,144155,SWAP,20,1704966900579,1,100000000.0000000000000000,20000000,100000000,,20000,20000,100000000.0000000000000000,100000000.0000000000000000,1,,,,normal,USDT,live,,0.0001,[],JOE-USDT
132,,,,1,,1,linear,100,JST,,False,JST-USDT,JST-USDT-SWAP,10514,SWAP,20,1599559971000,1,100000000.0000000000000000,20000000,100000000,,2000,2000,100000000.0000000000000000,100000000.0000000000000000,1,,,,normal,USDT,live,,0.00001,[],JST-USDT
133,,,,1,,1,linear,1,JTO,,False,JTO-USDT,JTO-USDT-SWAP,143865,SWAP,50,1704696900623,1,100000000.0000000000000000,20000000,100000000,,50000,50000,100000000.0000000000000000,100000000.0000000000000000,1,,,,normal,USDT,live,,0.001,[],JTO-USDT
134,,,,1,,1,linear,10,JUP,,False,JUP-USDT,JUP-USDT-SWAP,146691,SWAP,50,1706717100211,1,100000000.0000000000000000,20000000,100000000,,20000,20000,100000000.0000000000000000,100000000.0000000000000000,1,,,,normal,USDT,live,,0.0001,[],JUP-USDT
135,,,,1,,1,linear,1,KAITO,,False,KAITO-USDT,KAITO-USDT-SWAP,198342,SWAP,50,1740060000331,1,100000000.0000000000000000,20000000,100000000,,100000,100000,100000000.0000000000000000,100000000.0000000000000000,1,,,,normal,USDT,live,,0.0001,[],KAITO-USDT
136,,,,1,,1,linear,100,KMNO,,False,KMNO-USDT,KMNO-USDT-SWAP,212316,SWAP,50,1748575800335,1,100000000.0000000000000000,20000000,100000000,,20000,20000,100000000.0000000000000000,100000000.0000000000000000,1,,,,normal,USDT,live,,0.00001,[],KMNO-USDT
137,,,,1,,1,linear,0.1,KSM,,False,KSM-USDT,KSM-USDT-SWAP,10517,SWAP,20,1599559971000,1,100000000.0000000000000000,20000000,100000000,,22000,22000,100000000.0000000000000000,100000000.0000000000000000,1,,,,normal,USDT,live,,0.01,[],KSM-USDT
138,,,,1,,1,linear,10,LA,,False,LA-USDT,LA-USDT-SWAP,214391,SWAP,50,1749808800320,1,100000000.0000000000000000,20000000,100000000,,10000,10000,100000000.0000000000000000,100000000.0000000000000000,1,,,,normal,USDT,live,,0.0001,[],LA-USDT
139,,,,1,,1,linear,10,LAUNCHCOIN,,False,LAUNCHCOIN-USDT,LAUNCHCOIN-USDT-SWAP,212924,SWAP,20,1748945700339,1,100000000.0000000000000000,20000000,100000000,,100000,100000,100000000.0000000000000000,100000000.0000000000000000,1,,,,normal,USDT,live,,0.00001,[],LAUNCHCOIN-USDT
140,,,,1,,1,linear,1,LAYER,,False,LAYER-USDT,LAYER-USDT-SWAP,197092,SWAP,20,1739284200817,1,100000000.0000000000000000,20000000,100000000,,100000,100000,100000000.0000000000000000,100000000.0000000000000000,1,,,,normal,USDT,live,,0.0001,[],LAYER-USDT
141,,,,1,,1,linear,1,LDO,,False,LDO-USDT,LDO-USDT-SWAP,114224,SWAP,50,1675321369323,1,100000000.0000000000000000,20000000,100000000,,100000,100000,100000000.0000000000000000,100000000.0000000000000000,1,,,,normal,USDT,live,,0.0001,[],LDO-USDT
142,,,,1,,1,linear,1,LINK,,False,LINK-USDT,LINK-USDT-SWAP,10519,SWAP,50,1582888608000,0.1,100000000.0000000000000000,20000000,100000000,,55000,55000,100000000.0000000000000000,100000000.0000000000000000,0.1,,,,normal,USDT,live,,0.001,[],LINK-USDT
143,,,,1,,1,linear,0.1,LPT,,False,LPT-USDT,LPT-USDT-SWAP,19721,SWAP,20,1619161200000,1,100000000.0000000000000000,20000000,100000000,,30000,30000,100000000.0000000000000000,100000000.0000000000000000,1,,,,normal,USDT,live,,0.001,[],LPT-USDT
144,,,,1,,1,linear,1,LQTY,,False,LQTY-USDT,LQTY-USDT-SWAP,144479,SWAP,20,1705053300717,1,100000000.0000000000000000,20000000,100000000,,20000,20000,100000000.0000000000000000,100000000.0000000000000000,1,,,,normal,USDT,live,,0.0001,[],LQTY-USDT
145,,,,1,,1,linear,10,LRC,,False,LRC-USDT,LRC-USDT-SWAP,10521,SWAP,20,1599646371000,1,100000000.0000000000000000,20000000,100000000,,25000,25000,100000000.0000000000000000,100000000.0000000000000000,1,,,,normal,USDT,live,,0.00001,[],LRC-USDT
146,,,,1,,1,linear,1,LTC,,False,LTC-USDT,LTC-USDT-SWAP,10463,SWAP,50,1573557408000,0.1,100000000.0000000000000000,20000000,100000000,,10000,10000,100000000.0000000000000000,100000000.0000000000000000,0.1,,,,normal,USDT,live,,0.01,[],LTC-USDT
147,,,,1,,1,linear,1,LUNA,,False,LUNA-USDT,LUNA-USDT-SWAP,86333,SWAP,20,1653746082125,1,100000000.0000000000000000,20000000,100000000,,100000,100000,100000000.0000000000000000,100000000.0000000000000000,1,,,,normal,USDT,live,,0.0001,[],LUNA-USDT
148,,,,1,,1,linear,10000,LUNC,,False,LUNC-USDT,LUNC-USDT-SWAP,100396,SWAP,20,1662706704613,1,100000000.0000000000000000,20000000,100000000,,60000,60000,100000000.0000000000000000,100000000.0000000000000000,1,,,,normal,USDT,live,,0.00000001,[],LUNC-USDT
149,,,,1,,1,linear,1,MAJOR,,False,MAJOR-USDT,MAJOR-USDT-SWAP,186446,SWAP,20,1732798800111,1,100000000.0000000000000000,20000000,100000000,,100000,100000,100000000.0000000000000000,100000000.0000000000000000,1,,,,normal,USDT,live,,0.0001,[],MAJOR-USDT
150,,,,1,,1,linear,10,MANA,,False,MANA-USDT,MANA-USDT-SWAP,16652,SWAP,20,1615539600000,1,100000000.0000000000000000,20000000,100000000,,22000,22000,100000000.0000000000000000,100000000.0000000000000000,1,,,,normal,USDT,live,,0.0001,[],MANA-USDT
151,,,,1,,1,linear,1,MASK,,False,MASK-USDT,MASK-USDT-SWAP,15720,SWAP,20,1614841200000,1,100000000.0000000000000000,20000000,100000000,,45000,45000,100000000.0000000000000000,100000000.0000000000000000,1,,,,normal,USDT,live,,0.001,[],MASK-USDT
152,,,,1,,1,linear,1,ME,,False,ME-USDT,ME-USDT-SWAP,187915,SWAP,20,1733844600107,1,100000000.0000000000000000,20000000,100000000,,20000,20000,100000000.0000000000000000,100000000.0000000000000000,1,,,,normal,USDT,live,,0.0001,[],ME-USDT
153,,,,1,,1,linear,100,MEME,,False,MEME-USDT,MEME-USDT-SWAP,136870,SWAP,20,1699001700715,1,100000000.0000000000000000,20000000,100000000,,100000,100000,100000000.0000000000000000,100000000.0000000000000000,1,,,,normal,USDT,live,,0.000001,[],MEME-USDT
154,,,,1,,1,linear,1,MERL,,False,MERL-USDT,MERL-USDT-SWAP,156206,SWAP,20,1713522300606,1,100000000.0000000000000000,20000000,100000000,,100000,100000,100000000.0000000000000000,100000000.0000000000000000,1,,,,normal,USDT,live,,0.00001,[],MERL-USDT
155,,,,1,,1,linear,0.1,METIS,,False,METIS-USDT,METIS-USDT-SWAP,142725,SWAP,20,1703757300614,1,100000000.0000000000000000,20000000,100000000,,10000,10000,100000000.0000000000000000,100000000.0000000000000000,1,,,,normal,USDT,live,,0.01,[],METIS-USDT
156,,,,1,,1,linear,1000,MEW,,False,MEW-USDT,MEW-USDT-SWAP,155695,SWAP,20,1713169500531,1,100000000.0000000000000000,20000000,100000000,,20000,20000,100000000.0000000000000000,100000000.0000000000000000,1,,,,normal,USDT,live,,0.000001,[],MEW-USDT
157,,,,1,,1,linear,1,MINA,,False,MINA-USDT,MINA-USDT-SWAP,23554,SWAP,20,1623229200000,1,100000000.0000000000000000,20000000,100000000,,85000,85000,100000000.0000000000000000,100000000.0000000000000000,1,,,,normal,USDT,live,,0.0001,[],MINA-USDT
158,,,,1,,1,linear,0.01,MKR,,False,MKR-USDT,MKR-USDT-SWAP,10522,SWAP,50,1598004771000,0.1,100000000.0000000000000000,20000000,100000000,,7000,7000,100000000.0000000000000000,100000000.0000000000000000,0.1,,,,normal,USDT,live,,0.1,[],MKR-USDT
159,,,,1,,1,linear,1000000,MOG,,False,MOG-USDT,MOG-USDT-SWAP,218935,SWAP,50,1752729300240,1,100000000.0000000000000000,20000000,100000000,,50000,50000,100000000.0000000000000000,100000000.0000000000000000,1,,,,normal,USDT,live,,0.0000000001,[],MOG-USDT
160,,,,1,,1,linear,10,MOODENG,,False,MOODENG-USDT,MOODENG-USDT-SWAP,176639,SWAP,20,1727938802849,1,100000000.0000000000000000,20000000,100000000,,50000,50000,100000000.0000000000000000,100000000.0000000000000000,1,,,,normal,USDT,live,,0.00001,[],MOODENG-USDT
161,,,,1,,1,linear,1,MORPHO,,False,MORPHO-USDT,MORPHO-USDT-SWAP,186041,SWAP,20,1732528800980,1,100000000.0000000000000000,20000000,100000000,,10000,10000,100000000.0000000000000000,100000000.0000000000000000,1,,,,normal,USDT,live,,0.0001,[],MORPHO-USDT
162,,,,1,,1,linear,10,MOVE,,False,MOVE-USDT,MOVE-USDT-SWAP,187846,SWAP,20,1733749202646,1,100000000.0000000000000000,20000000,100000000,,20000,20000,100000000.0000000000000000,100000000.0000000000000000,1,,,,normal,USDT,live,,0.00001,[],MOVE-USDT
163,,,,1,,1,linear,100,MUBARAK,,False,MUBARAK-USDT,MUBARAK-USDT-SWAP,212925,SWAP,50,1748946600286,1,100000000.0000000000000000,20000000,100000000,,20000,20000,100000000.0000000000000000,100000000.0000000000000000,1,,,,normal,USDT,live,,0.00001,[],MUBARAK-USDT
164,,,,1,,1,linear,10,NEAR,,False,NEAR-USDT,NEAR-USDT-SWAP,10523,SWAP,50,1608544800000,0.1,100000000.0000000000000000,20000000,100000000,,10000,10000,100000000.0000000000000000,100000000.0000000000000000,0.1,,,,normal,USDT,live,,0.001,[],NEAR-USDT
165,,,,1,,1,linear,100,NEIROETH,,False,NEIROETH-USDT,NEIROETH-USDT-SWAP,173472,SWAP,20,1725616800257,1,100000000.0000000000000000,20000000,100000000,,4000,4000,100000000.0000000000000000,100000000.0000000000000000,1,,,,normal,USDT,live,,0.00001,[],NEIROETH-USDT
166,,,,1,,1,linear,1000,NEIRO,,False,NEIRO-USDT,NEIRO-USDT-SWAP,176640,SWAP,20,1727939701217,1,100000000.0000000000000000,20000000,100000000,,100000,100000,100000000.0000000000000000,100000000.0000000000000000,1,,,,normal,USDT,live,,0.0000001,[],NEIRO-USDT
167,,,,1,,1,linear,1,NEO,,False,NEO-USDT,NEO-USDT-SWAP,10477,SWAP,20,1582888608000,1,100000000.0000000000000000,20000000,100000000,,11000,11000,100000000.0000000000000000,100000000.0000000000000000,1,,,,normal,USDT,live,,0.001,[],NEO-USDT
168,,,,1,,1,linear,10,NEWT,,False,NEWT-USDT,NEWT-USDT-SWAP,220517,SWAP,50,1753438500274,1,100000000.0000000000000000,20000000,100000000,,20000,20000,100000000.0000000000000000,100000000.0000000000000000,1,,,,normal,USDT,live,,0.0001,[],NEWT-USDT
169,,,,1,,1,linear,0.1,NMR,,False,NMR-USDT,NMR-USDT-SWAP,144154,SWAP,20,1704959700642,1,100000000.0000000000000000,20000000,100000000,,10000,10000,100000000.0000000000000000,100000000.0000000000000000,1,,,,normal,USDT,live,,0.001,[],NMR-USDT
170,,,,1,,1,linear,100,NOT,,False,NOT-USDT,NOT-USDT-SWAP,159068,SWAP,20,1715862465350,1,100000000.0000000000000000,20000000,100000000,,100000,100000,100000000.0000000000000000,100000000.0000000000000000,1,,,,normal,USDT,live,,0.000001,[],NOT-USDT
171,,,,1,,1,linear,1,NXPC,,False,NXPC-USDT,NXPC-USDT-SWAP,212923,SWAP,50,1748944800562,1,100000000.0000000000000000,20000000,100000000,,100000,100000,100000000.0000000000000000,100000000.0000000000000000,1,,,,normal,USDT,live,,0.0001,[],NXPC-USDT
172,,,,1,,1,linear,10,OL,,False,OL-USDT,OL-USDT-SWAP,185713,SWAP,20,1732266004408,1,100000000.0000000000000000,20000000,100000000,,30000,30000,100000000.0000000000000000,100000000.0000000000000000,1,,,,normal,USDT,live,,0.00001,[],OL-USDT
173,,,,1,,1,linear,10,OM,,False,OM-USDT,OM-USDT-SWAP,149034,SWAP,20,1708417500167,0.1,100000000.0000000000000000,20000000,100000000,,1000,1000,100000000.0000000000000000,100000000.0000000000000000,0.1,,,,normal,USDT,live,,0.0001,[],OM-USDT
174,,,,1,,1,linear,10,ONDO,,False,ONDO-USDT,ONDO-USDT-SWAP,170039,SWAP,50,1722940203957,1,100000000.0000000000000000,20000000,100000000,,20000,20000,100000000.0000000000000000,100000000.0000000000000000,1,,,,normal,USDT,live,,0.0001,[],ONDO-USDT
175,,,,1,,1,linear,100,ONE,,False,ONE-USDT,ONE-USDT-SWAP,149035,SWAP,20,1708426039038,1,100000000.0000000000000000,20000000,100000000,,50000,50000,100000000.0000000000000000,100000000.0000000000000000,1,,,,normal,USDT,live,,0.000001,[],ONE-USDT
176,,,,1,,1,linear,10,ONT,,False,ONT-USDT,ONT-USDT-SWAP,10526,SWAP,20,1587463971000,1,100000000.0000000000000000,20000000,100000000,,35000,35000,100000000.0000000000000000,100000000.0000000000000000,1,,,,normal,USDT,live,,0.0001,[],ONT-USDT
177,,,,1,,1,linear,1,OP,,False,OP-USDT,OP-USDT-SWAP,86647,SWAP,50,1654055717137,1,100000000.0000000000000000,20000000,100000000,,250000,250000,100000000.0000000000000000,100000000.0000000000000000,1,,,,normal,USDT,live,,0.0001,[],OP-USDT
178,,,,1,,1,linear,100,ORBS,,False,ORBS-USDT,ORBS-USDT-SWAP,135177,SWAP,20,1697514900740,1,100000000.0000000000000000,20000000,100000000,,3000,3000,100000000.0000000000000000,100000000.0000000000000000,1,,,,normal,USDT,live,,0.00001,[],ORBS-USDT
179,,,,1,,1,linear,0.1,ORDI,,False,ORDI-USDT,ORDI-USDT-SWAP,122045,SWAP,20,1684662900862,1,100000000.0000000000000000,20000000,100000000,,120000,120000,100000000.0000000000000000,100000000.0000000000000000,1,,,,normal,USDT,live,,0.001,[],ORDI-USDT
180,,,,1,,1,linear,10,PARTI,,False,PARTI-USDT,PARTI-USDT-SWAP,203329,SWAP,20,1742909400471,1,100000000.0000000000000000,20000000,100000000,,50000,50000,100000000.0000000000000000,100000000.0000000000000000,1,,,,normal,USDT,live,,0.0001,[],PARTI-USDT
181,,,,1,,1,linear,100,PENGU,,False,PENGU-USDT,PENGU-USDT-SWAP,189005,SWAP,20,1734450902264,1,100000000.0000000000000000,20000000,100000000,,20000,20000,100000000.0000000000000000,100000000.0000000000000000,1,,,,normal,USDT,live,,0.000001,[],PENGU-USDT
182,,,,1,,1,linear,100,PEOPLE,,False,PEOPLE-USDT,PEOPLE-USDT-SWAP,47664,SWAP,20,1638427889758,1,100000000.0000000000000000,20000000,100000000,,50000,50000,100000000.0000000000000000,100000000.0000000000000000,1,,,,normal,USDT,live,,0.00001,[],PEOPLE-USDT
183,,,,1,,1,linear,10000000,PEPE,,False,PEPE-USDT,PEPE-USDT-SWAP,120775,SWAP,50,1683086101049,0.1,100000000.0000000000000000,20000000,100000000,,25000,25000,100000000.0000000000000000,100000000.0000000000000000,0.1,,,,normal,USDT,live,,0.000000001,[],PEPE-USDT
184,,,,1,,1,linear,1,PERP,,False,PERP-USDT,PERP-USDT-SWAP,18135,SWAP,20,1617354000000,1,100000000.0000000000000000,20000000,100000000,,25000,25000,100000000.0000000000000000,100000000.0000000000000000,1,,,,normal,USDT,live,,0.0001,[],PERP-USDT
185,,,,1,,1,linear,10,PLUME,,False,PLUME-USDT,PLUME-USDT-SWAP,209300,SWAP,20,1746689400330,1,100000000.0000000000000000,20000000,100000000,,50000,50000,100000000.0000000000000000,100000000.0000000000000000,1,,,,normal,USDT,live,,0.00001,[],PLUME-USDT
186,,,,1,,1,linear,10,PNUT,,False,PNUT-USDT,PNUT-USDT-SWAP,184109,SWAP,20,1731382200304,1,100000000.0000000000000000,20000000,100000000,,20000,20000,100000000.0000000000000000,100000000.0000000000000000,1,,,,normal,USDT,live,,0.0001,[],PNUT-USDT
187,,,,1,,1,linear,10,POL,,False,POL-USDT,POL-USDT-SWAP,175501,SWAP,50,1727166600128,1,100000000.0000000000000000,20000000,100000000,,20000,20000,100000000.0000000000000000,100000000.0000000000000000,1,,,,normal,USDT,live,,0.0001,[],POL-USDT
188,,,,1,,1,linear,10,POPCAT,,False,POPCAT-USDT,POPCAT-USDT-SWAP,172607,SWAP,20,1724922000651,1,100000000.0000000000000000,20000000,100000000,,20000,20000,100000000.0000000000000000,100000000.0000000000000000,1,,,,normal,USDT,live,,0.0001,[],POPCAT-USDT
189,,,,1,,1,linear,1,PRCL,,False,PRCL-USDT,PRCL-USDT-SWAP,155748,SWAP,20,1713273900088,1,100000000.0000000000000000,20000000,100000000,,100000,100000,100000000.0000000000000000,100000000.0000000000000000,1,,,,normal,USDT,live,,0.00001,[],PRCL-USDT
190,,,,1,,1,linear,10,PROMPT,,False,PROMPT-USDT,PROMPT-USDT-SWAP,205574,SWAP,20,1744291800317,1,100000000.0000000000000000,20000000,100000000,,50000,50000,100000000.0000000000000000,100000000.0000000000000000,1,,,,normal,USDT,live,,0.00001,[],PROMPT-USDT
191,,,,1,,1,linear,1000,PUMP,,False,PUMP-USDT,PUMP-USDT-SWAP,218603,SWAP,20,1752514200381,1,100000000.0000000000000000,20000000,100000000,,20000,20000,100000000.0000000000000000,100000000.0000000000000000,1,,,,normal,USDT,live,,0.000001,[],PUMP-USDT
192,,,,1,,1,linear,10,PYTH,,False,PYTH-USDT,PYTH-USDT-SWAP,138497,SWAP,50,1700492100712,1,100000000.0000000000000000,20000000,100000000,,25000,25000,100000000.0000000000000000,100000000.0000000000000000,1,,,,normal,USDT,live,,0.00001,[],PYTH-USDT
193,,,,1,,1,linear,1,QTUM,,False,QTUM-USDT,QTUM-USDT-SWAP,10479,SWAP,20,1587463971000,1,100000000.0000000000000000,20000000,100000000,,17000,17000,100000000.0000000000000000,100000000.0000000000000000,1,,,,normal,USDT,live,,0.001,[],QTUM-USDT
194,,,,1,,1,linear,1,RAY,,False,RAY-USDT,RAY-USDT-SWAP,151470,SWAP,20,1710239100609,1,100000000.0000000000000000,20000000,100000000,,20000,20000,100000000.0000000000000000,100000000.0000000000000000,1,,,,normal,USDT,live,,0.0001,[],RAY-USDT
195,,,,1,,1,linear,1,RENDER,,False,RENDER-USDT,RENDER-USDT-SWAP,170252,SWAP,20,1723105800136,1,100000000.0000000000000000,20000000,100000000,,20000,20000,100000000.0000000000000000,100000000.0000000000000000,1,,,,normal,USDT,live,,0.001,[],RENDER-USDT
196,,,,1,,1,linear,10,RESOLV,,False,RESOLV-USDT,RESOLV-USDT-SWAP,213805,SWAP,50,1749565800438,1,100000000.0000000000000000,20000000,100000000,,50000,50000,100000000.0000000000000000,100000000.0000000000000000,1,,,,normal,USDT,live,,0.0001,[],RESOLV-USDT
197,,,,1,,1,linear,100,RSR,,False,RSR-USDT,RSR-USDT-SWAP,10528,SWAP,20,1599646371000,1,100000000.0000000000000000,20000000,100000000,,150000,150000,100000000.0000000000000000,100000000.0000000000000000,1,,,,normal,USDT,live,,0.000001,[],RSR-USDT
198,,,,1,,1,linear,10,RVN,,False,RVN-USDT,RVN-USDT-SWAP,19722,SWAP,20,1619161200000,1,100000000.0000000000000000,20000000,100000000,,270000,270000,100000000.0000000000000000,100000000.0000000000000000,1,,,,normal,USDT,live,,0.00001,[],RVN-USDT
199,,,,1,,1,linear,10,S,,False,S-USDT,S-USDT-SWAP,193995,SWAP,50,1737450000523,1,100000000.0000000000000000,20000000,100000000,,20000,20000,100000000.0000000000000000,100000000.0000000000000000,1,,,,normal,USDT,live,,0.0001,[],S-USDT
200,,,,1,,1,linear,10,SAHARA,,False,SAHARA-USDT,SAHARA-USDT-SWAP,216072,SWAP,20,1750941000359,1,100000000.0000000000000000,20000000,100000000,,100000,100000,100000000.0000000000000000,100000000.0000000000000000,1,,,,normal,USDT,live,,0.00001,[],SAHARA-USDT
201,,,,1,,1,linear,10,SAND,,False,SAND-USDT,SAND-USDT-SWAP,18136,SWAP,50,1617354000000,1,100000000.0000000000000000,20000000,100000000,,25000,25000,100000000.0000000000000000,100000000.0000000000000000,1,,,,normal,USDT,live,,0.0001,[],SAND-USDT
202,,,,1,,1,linear,10000000,SATS,,False,SATS-USDT,SATS-USDT-SWAP,141681,SWAP,20,1702889700612,1,100000000.0000000000000000,20000000,100000000,,15000,15000,100000000.0000000000000000,100000000.0000000000000000,1,,,,normal,USDT,live,,0.00000000001,[],SATS-USDT
203,,,,1,,1,linear,1,SCR,,False,SCR-USDT,SCR-USDT-SWAP,180937,SWAP,20,1729602002820,1,100000000.0000000000000000,20000000,100000000,,100000,100000,100000000.0000000000000000,100000000.0000000000000000,1,,,,normal,USDT,live,,0.0001,[],SCR-USDT
204,,,,1,,1,linear,10,SHELL,,False,SHELL-USDT,SHELL-USDT-SWAP,199507,SWAP,20,1740657600557,1,100000000.0000000000000000,20000000,100000000,,20000,20000,100000000.0000000000000000,100000000.0000000000000000,1,,,,normal,USDT,live,,0.0001,[],SHELL-USDT
205,,,,1,,1,linear,1000000,SHIB,,False,SHIB-USDT,SHIB-USDT-SWAP,21073,SWAP,50,1620550800000,0.1,100000000000.0000000000000000,20000000,100000000000,,35000,35000,100000000000.0000000000000000,100000000000.0000000000000000,0.1,,,,normal,USDT,live,,0.000000001,[],SHIB-USDT
206,,,,1,,1,linear,100,SIGN,,False,SIGN-USDT,SIGN-USDT-SWAP,208012,SWAP,20,1745839800340,1,100000000.0000000000000000,20000000,100000000,,20000,20000,100000000.0000000000000000,100000000.0000000000000000,1,,,,normal,USDT,live,,0.00001,[],SIGN-USDT
207,,,,1,,1,linear,10,SLP,,False,SLP-USDT,SLP-USDT-SWAP,40302,SWAP,20,1629972222770,1,100000000.0000000000000000,20000000,100000000,,270000,270000,100000000.0000000000000000,100000000.0000000000000000,1,,,,normal,USDT,live,,0.000001,[],SLP-USDT
208,,,,1,,1,linear,1,SNX,,False,SNX-USDT,SNX-USDT-SWAP,10529,SWAP,20,1598004771000,1,100000000.0000000000000000,20000000,100000000,,35000,35000,100000000.0000000000000000,100000000.0000000000000000,1,,,,normal,USDT,live,,0.0001,[],SNX-USDT
209,,,,1,,1,linear,100,SOLV,,False,SOLV-USDT,SOLV-USDT-SWAP,193494,SWAP,20,1737108900454,1,100000000.0000000000000000,20000000,100000000,,9000,9000,100000000.0000000000000000,100000000.0000000000000000,1,,,,normal,USDT,live,,0.000001,[],SOLV-USDT
210,,,,1,,1,linear,1,SONIC,,False,SONIC-USDT,SONIC-USDT-SWAP,192092,SWAP,20,1736258400905,1,100000000.0000000000000000,20000000,100000000,,100000,100000,100000000.0000000000000000,100000000.0000000000000000,1,,,,normal,USDT,live,,0.00001,[],SONIC-USDT
211,,,,1,,1,linear,10,SOON,,False,SOON-USDT,SOON-USDT-SWAP,211603,SWAP,20,1747999800456,1,100000000.0000000000000000,20000000,100000000,,20000,20000,100000000.0000000000000000,100000000.0000000000000000,1,,,,normal,USDT,live,,0.00001,[],SOON-USDT
212,,,,1,,1,linear,100,SOPH,,False,SOPH-USDT,SOPH-USDT-SWAP,212107,SWAP,50,1748439000413,1,100000000.0000000000000000,20000000,100000000,,20000,20000,100000000.0000000000000000,100000000.0000000000000000,1,,,,normal,USDT,live,,0.00001,[],SOPH-USDT
213,,,,1,,1,linear,1,SPX,,False,SPX-USDT,SPX-USDT-SWAP,218934,SWAP,50,1752728400453,1,100000000.0000000000000000,20000000,100000000,,50000,50000,100000000.0000000000000000,100000000.0000000000000000,1,,,,normal,USDT,live,,0.0001,[],SPX-USDT
214,,,,1,,1,linear,0.1,SSV,,False,SSV-USDT,SSV-USDT-SWAP,138636,SWAP,20,1700711700717,1,100000000.0000000000000000,20000000,100000000,,50000,50000,100000000.0000000000000000,100000000.0000000000000000,1,,,,normal,USDT,live,,0.001,[],SSV-USDT
215,,,,1,,1,linear,10,STORJ,,False,STORJ-USDT,STORJ-USDT-SWAP,10532,SWAP,20,1599646371000,1,100000000.0000000000000000,20000000,100000000,,9000,9000,100000000.0000000000000000,100000000.0000000000000000,1,,,,normal,USDT,live,,0.0001,[],STORJ-USDT
216,,,,1,,1,linear,1,STRK,,False,STRK-USDT,STRK-USDT-SWAP,149046,SWAP,50,1708433700141,1,100000000.0000000000000000,20000000,100000000,,50000,50000,100000000.0000000000000000,100000000.0000000000000000,1,,,,normal,USDT,live,,0.0001,[],STRK-USDT
217,,,,1,,1,linear,10,STX,,False,STX-USDT,STX-USDT-SWAP,115562,SWAP,20,1676969758164,0.1,100000000.0000000000000000,20000000,100000000,,22000,22000,100000000.0000000000000000,100000000.0000000000000000,0.1,,,,normal,USDT,live,,0.0001,[],STX-USDT
218,,,,1,,1,linear,1,SUI,,False,SUI-USDT,SUI-USDT-SWAP,120850,SWAP,50,1683258900891,1,100000000.0000000000000000,20000000,100000000,,200000,200000,100000000.0000000000000000,100000000.0000000000000000,1,,,,normal,USDT,live,,0.0001,[],SUI-USDT
219,,,,1,,1,linear,1,SUSHI,,False,SUSHI-USDT,SUSHI-USDT-SWAP,10536,SWAP,50,1599041571000,1,100000000.0000000000000000,20000000,100000000,,150000,150000,100000000.0000000000000000,100000000.0000000000000000,1,,,,normal,USDT,live,,0.0001,[],SUSHI-USDT
220,,,,1,,1,linear,10,SWARMS,,False,SWARMS-USDT,SWARMS-USDT-SWAP,194548,SWAP,20,1737717300103,1,100000000.0000000000000000,20000000,100000000,,100000,100000,100000000.0000000000000000,100000000.0000000000000000,1,,,,normal,USDT,live,,0.00001,[],SWARMS-USDT
221,,,,1,,1,linear,10,SYRUP,,False,SYRUP-USDT,SYRUP-USDT-SWAP,216937,SWAP,50,1751524200291,1,100000000.0000000000000000,20000000,100000000,,20000,20000,100000000.0000000000000000,100000000.0000000000000000,1,,,,normal,USDT,live,,0.0001,[],SYRUP-USDT
222,,,,1,,1,linear,100,T,,False,T-USDT,T-USDT-SWAP,149428,SWAP,20,1708676700613,1,100000000.0000000000000000,20000000,100000000,,5000,5000,100000000.0000000000000000,100000000.0000000000000000,1,,,,normal,USDT,live,,0.00001,[],T-USDT
223,,,,1,,1,linear,0.01,TAO,,False,TAO-USDT,TAO-USDT-SWAP,174952,SWAP,50,1726808400182,1,100000000.0000000000000000,20000000,100000000,,25000,25000,100000000.0000000000000000,100000000.0000000000000000,1,,,,normal,USDT,live,,0.1,[],TAO-USDT
224,,,,1,,1,linear,10,THETA,,False,THETA-USDT,THETA-USDT-SWAP,10539,SWAP,50,1587463971000,0.1,100000000.0000000000000000,20000000,100000000,,8500,8500,100000000.0000000000000000,100000000.0000000000000000,0.1,,,,normal,USDT,live,,0.0001,[],THETA-USDT
225,,,,1,,1,linear,1,TIA,,False,TIA-USDT,TIA-USDT-SWAP,136595,SWAP,50,1698776700675,1,100000000.0000000000000000,20000000,100000000,,40000,40000,100000000.0000000000000000,100000000.0000000000000000,1,,,,normal,USDT,live,,0.001,[],TIA-USDT
226,,,,1,,1,linear,1,TNSR,,False,TNSR-USDT,TNSR-USDT-SWAP,154692,SWAP,20,1712592120492,1,100000000.0000000000000000,20000000,100000000,,50000,50000,100000000.0000000000000000,100000000.0000000000000000,1,,,,normal,USDT,live,,0.0001,[],TNSR-USDT
227,,,,1,,1,linear,0.1,TRB,,False,TRB-USDT,TRB-USDT-SWAP,10540,SWAP,20,1599559971000,1,100000000.0000000000000000,20000000,100000000,,28000,28000,100000000.0000000000000000,100000000.0000000000000000,1,,,,normal,USDT,live,,0.01,[],TRB-USDT
228,,,,1,,1,linear,1,TREE,,False,TREE-USDT,TREE-USDT-SWAP,220918,SWAP,20,1753799400400,1,100000000.0000000000000000,20000000,100000000,,100000,100000,100000000.0000000000000000,100000000.0000000000000000,1,,,,normal,USDT,live,,0.0001,[],TREE-USDT
229,,,,1,,1,linear,0.1,TRUMP,,False,TRUMP-USDT,TRUMP-USDT-SWAP,193761,SWAP,20,1737264604112,1,100000000.0000000000000000,20000000,100000000,,35000,35000,100000000.0000000000000000,100000000.0000000000000000,1,,,,normal,USDT,live,,0.001,[],TRUMP-USDT
230,,,,1,,1,linear,1000,TRX,,False,TRX-USDT,TRX-USDT-SWAP,10473,SWAP,50,1573557408000,0.01,1000000.0000000000000000,20000000,1000000,,4000,4000,1000000.0000000000000000,1000000.0000000000000000,0.01,,,,normal,USDT,live,,0.00001,[],TRX-USDT
231,,,,1,,1,linear,10000,TURBO,,False,TURBO-USDT,TURBO-USDT-SWAP,141070,SWAP,20,1702547700612,0.1,100000000.0000000000000000,20000000,100000000,,2000,2000,100000000.0000000000000000,100000000.0000000000000000,0.1,,,,normal,USDT,live,,0.000001,[],TURBO-USDT
232,,,,1,,1,linear,0.1,UMA,,False,UMA-USDT,UMA-USDT-SWAP,10541,SWAP,20,1599214371000,1,100000000.0000000000000000,20000000,100000000,,150000,150000,100000000.0000000000000000,100000000.0000000000000000,1,,,,normal,USDT,live,,0.001,[],UMA-USDT
233,,,,1,,1,linear,1,UNI,,False,UNI-USDT,UNI-USDT-SWAP,10543,SWAP,50,1600317000000,1,100000000.0000000000000000,20000000,100000000,,30000,30000,100000000.0000000000000000,100000000.0000000000000000,1,,,,normal,USDT,live,,0.001,[],UNI-USDT
234,,,,1,,1,linear,10,USDC,,False,USDC-USDT,USDC-USDT-SWAP,116826,SWAP,50,1678607700793,1,100000000.0000000000000000,20000000,100000000,,10000,10000,100000000.0000000000000000,100000000.0000000000000000,1,,,,normal,USDT,live,,0.0001,[],USDC-USDT
235,,,,1,,1,linear,10,USELESS,,False,USELESS-USDT,USELESS-USDT-SWAP,220516,SWAP,20,1753437600380,1,100000000.0000000000000000,20000000,100000000,,50000,50000,100000000.0000000000000000,100000000.0000000000000000,1,,,,normal,USDT,live,,0.0001,[],USELESS-USDT
236,,,,1,,1,linear,100,USTC,,False,USTC-USDT,USTC-USDT-SWAP,106508,SWAP,20,1667458491385,1,100000000.0000000000000000,20000000,100000000,,25000,25000,100000000.0000000000000000,100000000.0000000000000000,1,,,,normal,USDT,live,,0.00001,[],USTC-USDT
237,,,,1,,1,linear,10,UXLINK,,False,UXLINK-USDT,UXLINK-USDT-SWAP,166546,SWAP,20,1721293204025,1,100000000.0000000000000000,20000000,100000000,,6000,6000,100000000.0000000000000000,100000000.0000000000000000,1,,,,normal,USDT,live,,0.0001,[],UXLINK-USDT
238,,,,1,,1,linear,0.1,VANA,,False,VANA-USDT,VANA-USDT-SWAP,188993,SWAP,20,1734408000582,1,100000000.0000000000000000,20000000,100000000,,50000,50000,100000000.0000000000000000,100000000.0000000000000000,1,,,,normal,USDT,live,,0.001,[],VANA-USDT
239,,,,1,,1,linear,10,VINE,,False,VINE-USDT,VINE-USDT-SWAP,194827,SWAP,20,1737889201529,1,100000000.0000000000000000,20000000,100000000,,20000,20000,100000000.0000000000000000,100000000.0000000000000000,1,,,,normal,USDT,live,,0.00001,[],VINE-USDT
240,,,,1,,1,linear,1,VIRTUAL,,False,VIRTUAL-USDT,VIRTUAL-USDT-SWAP,188034,SWAP,20,1733911200140,1,100000000.0000000000000000,20000000,100000000,,100000,100000,100000000.0000000000000000,100000000.0000000000000000,1,,,,normal,USDT,live,,0.0001,[],VIRTUAL-USDT
241,,,,1,,1,linear,1,W,,False,W-USDT,W-USDT-SWAP,154132,SWAP,20,1712147100572,1,100000000.0000000000000000,20000000,100000000,,50000,50000,100000000.0000000000000000,100000000.0000000000000000,1,,,,normal,USDT,live,,0.00001,[],W-USDT
242,,,,1,,1,linear,10,WAL,,False,WAL-USDT,WAL-USDT-SWAP,209298,SWAP,20,1746687600526,1,100000000.0000000000000000,20000000,100000000,,20000,20000,100000000.0000000000000000,100000000.0000000000000000,1,,,,normal,USDT,live,,0.0001,[],WAL-USDT
243,,,,1,,1,linear,100,WAXP,,False,WAXP-USDT,WAXP-USDT-SWAP,135258,SWAP,20,1697687700843,1,100000000.0000000000000000,20000000,100000000,,4000,4000,100000000.0000000000000000,100000000.0000000000000000,1,,,,normal,USDT,live,,0.00001,[],WAXP-USDT
244,,,,1,,1,linear,10,WCT,,False,WCT-USDT,WCT-USDT-SWAP,206314,SWAP,20,1744716600433,1,100000000.0000000000000000,20000000,100000000,,20000,20000,100000000.0000000000000000,100000000.0000000000000000,1,,,,normal,USDT,live,,0.0001,[],WCT-USDT
245,,,,1,,1,linear,1,WIF,,False,WIF-USDT,WIF-USDT-SWAP,155700,SWAP,20,1713173100603,1,100000000.0000000000000000,20000000,100000000,,50000,50000,100000000.0000000000000000,100000000.0000000000000000,1,,,,normal,USDT,live,,0.0001,[],WIF-USDT
246,,,,1,,1,linear,1,WLD,,False,WLD-USDT,WLD-USDT-SWAP,127411,SWAP,50,1690199721595,1,100000000.0000000000000000,20000000,100000000,,50000,50000,100000000.0000000000000000,100000000.0000000000000000,1,,,,normal,USDT,live,,0.0001,[],WLD-USDT
247,,,,1,,1,linear,10,WOO,,False,WOO-USDT,WOO-USDT-SWAP,114961,SWAP,20,1676357700337,1,100000000.0000000000000000,20000000,100000000,,50000,50000,100000000.0000000000000000,100000000.0000000000000000,1,,,,normal,USDT,live,,0.00001,[],WOO-USDT
248,,,,1,,1,linear,0.001,XAUT,,False,XAUT-USDT,XAUT-USDT-SWAP,205379,SWAP,50,1744192800563,1,100000000.0000000000000000,20000000,100000000,,50000,50000,100000000.0000000000000000,100000000.0000000000000000,1,,,,normal,USDT,live,,0.1,[],XAUT-USDT
249,,,,1,,1,linear,100,XLM,,False,XLM-USDT,XLM-USDT-SWAP,10481,SWAP,50,1587463971000,0.1,100000000.0000000000000000,20000000,100000000,,9000,9000,100000000.0000000000000000,100000000.0000000000000000,0.1,,,,normal,USDT,live,,0.00001,[],XLM-USDT
250,,,,1,,1,linear,1,XTZ,,False,XTZ-USDT,XTZ-USDT-SWAP,10549,SWAP,50,1587463971000,1,100000000.0000000000000000,20000000,100000000,,70000,70000,100000000.0000000000000000,100000000.0000000000000000,1,,,,normal,USDT,live,,0.0001,[],XTZ-USDT
251,,,,1,,1,linear,0.0001,YFI,,False,YFI-USDT,YFI-USDT-SWAP,10551,SWAP,50,1599041571000,1,100000000.0000000000000000,20000000,100000000,,150000,150000,100000000.0000000000000000,100000000.0000000000000000,1,,,,normal,USDT,live,,1,[],YFI-USDT
252,,,,1,,1,linear,1,YGG,,False,YGG-USDT,YGG-USDT-SWAP,27541,SWAP,50,1628240400000,1,100000000.0000000000000000,20000000,100000000,,110000,110000,100000000.0000000000000000,100000000.0000000000000000,1,,,,normal,USDT,live,,0.0001,[],YGG-USDT
253,,,,1,,1,linear,100,ZENT,,False,ZENT-USDT,ZENT-USDT-SWAP,158367,SWAP,20,1715243100398,1,100000000.0000000000000000,20000000,100000000,,4000,4000,100000000.0000000000000000,100000000.0000000000000000,1,,,,normal,USDT,live,,0.000001,[],ZENT-USDT
254,,,,1,,1,linear,10,ZEREBRO,,False,ZEREBRO-USDT,ZEREBRO-USDT-SWAP,190623,SWAP,20,1735283702001,1,100000000.0000000000000000,20000000,100000000,,50000,50000,100000000.0000000000000000,100000000.0000000000000000,1,,,,normal,USDT,live,,0.00001,[],ZEREBRO-USDT
255,,,,1,,1,linear,10,ZETA,,False,ZETA-USDT,ZETA-USDT-SWAP,146706,SWAP,20,1706757900607,1,100000000.0000000000000000,20000000,100000000,,10000,10000,100000000.0000000000000000,100000000.0000000000000000,1,,,,normal,USDT,live,,0.0001,[],ZETA-USDT
256,,,,1,,1,linear,100,ZIL,,False,ZIL-USDT,ZIL-USDT-SWAP,10557,SWAP,20,1599646371000,1,100000000.0000000000000000,20000000,100000000,,35000,35000,100000000.0000000000000000,100000000.0000000000000000,1,,,,normal,USDT,live,,0.00001,[],ZIL-USDT
257,,,,1,,1,linear,10,ZK,,False,ZK-USDT,ZK-USDT-SWAP,162969,SWAP,20,1718699100579,1,100000000.0000000000000000,20000000,100000000,,50000,50000,100000000.0000000000000000,100000000.0000000000000000,1,,,,normal,USDT,live,,0.00001,[],ZK-USDT
258,,,,1,,1,linear,1,ZRO,,False,ZRO-USDT,ZRO-USDT-SWAP,163161,SWAP,20,1718886300653,1,100000000.0000000000000000,20000000,100000000,,50000,50000,100000000.0000000000000000,100000000.0000000000000000,1,,,,normal,USDT,live,,0.001,[],ZRO-USDT
259,,,,1,,1,linear,10,ZRX,,False,ZRX-USDT,ZRX-USDT-SWAP,10558,SWAP,20,1598004771000,1,100000000.0000000000000000,20000000,100000000,,21000,21000,100000000.0000000000000000,100000000.0000000000000000,1,,,,normal,USDT,live,,0.0001,[],ZRX-USDT
260,,,,1,,1,linear,0.0001,BTC,,False,BTC-USDC,BTC-USDC-SWAP,104884,SWAP,50,1666076190148,1,100000000.0000000000000000,20000000,100000000,,85000,85000,100000000.0000000000000000,100000000.0000000000000000,1,,,,normal,USDC,live,,0.1,[],BTC-USDC
261,,,,1,,1,linear,0.001,ETH,,False,ETH-USDC,ETH-USDC-SWAP,104885,SWAP,50,1666076197702,1,100000000.0000000000000000,20000000,100000000,,120000,120000,100000000.0000000000000000,100000000.0000000000000000,1,,,,normal,USDC,live,,0.01,[],ETH-USDC
