datetime,open,high,low,close,vol
2022-06-06 15:00:23.168,0.08318,0.0832,0.08312,0.08317,1
2022-06-06 15:00:23.168,0.08317,0.0832,0.08315,0.0832,1
2022-06-06 15:02:34.240,0.08314,0.08314,0.08294,0.08296,1
2022-06-06 15:02:34.240,0.0832,0.0832,0.08313,0.08314,1
2022-06-06 15:04:45.312,0.08289,0.08298,0.08289,0.08296,1
2022-06-06 15:04:45.312,0.08296,0.083,0.08289,0.08289,1
2022-06-06 15:06:56.384,0.08289,0.08299,0.08289,0.08295,1
2022-06-06 15:06:56.384,0.08296,0.08296,0.08287,0.08289,1
2022-06-06 15:06:56.384,0.08295,0.08298,0.08291,0.08291,1
2022-06-06 15:09:07.456,0.08291,0.08291,0.08278,0.08278,1
2022-06-06 15:09:07.456,0.08278,0.08284,0.08274,0.08281,1
2022-06-06 15:11:18.528,0.08281,0.08281,0.08261,0.08263,1
2022-06-06 15:11:18.528,0.08263,0.08263,0.08257,0.08261,1
2022-06-06 15:13:29.600,0.08261,0.08276,0.0826,0.08275,1
2022-06-06 15:13:29.600,0.08275,0.08277,0.08264,0.08273,1
2022-06-06 15:15:40.672,0.08273,0.08281,0.08271,0.08275,1
2022-06-06 15:15:40.672,0.08275,0.08277,0.0826,0.0826,1
2022-06-06 15:17:51.744,0.0826,0.08261,0.08234,0.08245,1
2022-06-06 15:17:51.744,0.08245,0.08256,0.08238,0.08246,1
2022-06-06 15:20:02.816,0.08239,0.08241,0.08228,0.08239,1
2022-06-06 15:20:02.816,0.08239,0.08242,0.08237,0.08241,1
2022-06-06 15:20:02.816,0.08246,0.08264,0.08238,0.08239,1
2022-06-06 15:22:13.888,0.08241,0.08242,0.08233,0.08234,1
2022-06-06 15:22:13.888,0.08234,0.08253,0.08234,0.0825,1
2022-06-06 15:24:24.960,0.0825,0.08257,0.08242,0.08244,1
2022-06-06 15:24:24.960,0.08244,0.08246,0.08241,0.08246,1
2022-06-06 15:26:36.032,0.08252,0.08261,0.08252,0.08258,1
2022-06-06 15:26:36.032,0.08246,0.08253,0.08243,0.08252,1
2022-06-06 15:28:47.104,0.08245,0.08246,0.08231,0.08239,1
2022-06-06 15:28:47.104,0.08257,0.08257,0.08245,0.08245,1
2022-06-06 15:30:58.176,0.08256,0.08259,0.08254,0.08259,1
2022-06-06 15:30:58.176,0.08239,0.08248,0.08239,0.08244,1
2022-06-06 15:30:58.176,0.08245,0.08261,0.08244,0.08256,1
2022-06-06 15:33:09.248,0.08259,0.0827,0.08255,0.08267,1
2022-06-06 15:33:09.248,0.08267,0.08267,0.08259,0.0826,1
2022-06-06 15:35:20.320,0.0826,0.08265,0.08254,0.08265,1
2022-06-06 15:35:20.320,0.08265,0.08265,0.08254,0.08259,1
2022-06-06 15:37:31.392,0.08259,0.08261,0.08255,0.08261,1
2022-06-06 15:37:31.392,0.08261,0.08271,0.08261,0.08269,1
2022-06-06 15:39:42.464,0.08269,0.08276,0.08268,0.08269,1
2022-06-06 15:39:42.464,0.08269,0.08277,0.08264,0.08269,1
2022-06-06 15:41:53.536,0.08274,0.08276,0.0827,0.08276,1
2022-06-06 15:41:53.536,0.08269,0.08277,0.08269,0.08274,1
2022-06-06 15:44:04.608,0.08276,0.08278,0.08272,0.08277,1
2022-06-06 15:44:04.608,0.08277,0.08288,0.08277,0.08286,1
2022-06-06 15:44:04.608,0.08286,0.08302,0.08286,0.08299,1
2022-06-06 15:46:15.680,0.08299,0.08302,0.08285,0.08285,1
2022-06-06 15:46:15.680,0.08285,0.08287,0.08281,0.08281,1
2022-06-06 15:48:26.752,0.08281,0.08281,0.08267,0.08276,1
2022-06-06 15:48:26.752,0.08276,0.0828,0.08272,0.08272,1
2022-06-06 15:50:37.824,0.08274,0.0828,0.08273,0.08277,1
2022-06-06 15:50:37.824,0.08272,0.08276,0.0827,0.08274,1
2022-06-06 15:52:48.896,0.08276,0.08287,0.08276,0.08286,1
2022-06-06 15:52:48.896,0.08286,0.08289,0.08279,0.08289,1
2022-06-06 15:54:59.968,0.0829,0.08291,0.08283,0.08284,1
2022-06-06 15:54:59.968,0.0829,0.08291,0.08281,0.08284,1
2022-06-06 15:54:59.968,0.08284,0.0829,0.08284,0.0829,1
2022-06-06 15:57:11.040,0.08284,0.08297,0.08284,0.08297,1
2022-06-06 15:57:11.040,0.08297,0.08323,0.08297,0.08321,1
2022-06-06 15:59:22.112,0.08321,0.08322,0.08313,0.08313,1
2022-06-06 15:59:22.112,0.08313,0.08313,0.08306,0.08306,1
2022-06-06 16:01:33.184,0.08306,0.08306,0.08292,0.08294,1
2022-06-06 16:01:33.184,0.08294,0.08294,0.08282,0.08289,1
2022-06-06 16:03:44.256,0.0829,0.08292,0.08273,0.08278,1
2022-06-06 16:03:44.256,0.08289,0.08294,0.08285,0.0829,1
2022-06-06 16:05:55.328,0.08272,0.08276,0.0827,0.08272,1
2022-06-06 16:05:55.328,0.08273,0.08287,0.08273,0.08282,1
2022-06-06 16:05:55.328,0.08277,0.08278,0.08263,0.08272,1
2022-06-06 16:08:06.400,0.08283,0.08284,0.08273,0.08276,1
2022-06-06 16:08:06.400,0.08276,0.0828,0.08265,0.08265,1
2022-06-06 16:10:17.472,0.08265,0.08269,0.08264,0.08267,1
2022-06-06 16:10:17.472,0.08267,0.08282,0.08266,0.08275,1
2022-06-06 16:12:28.544,0.08275,0.08275,0.08263,0.08263,1
2022-06-06 16:12:28.544,0.08263,0.08267,0.08259,0.08264,1
2022-06-06 16:14:39.616,0.08262,0.08262,0.08249,0.0825,1
2022-06-06 16:14:39.616,0.08264,0.08265,0.08259,0.08262,1
2022-06-06 16:16:50.688,0.0825,0.08256,0.08246,0.08255,1
2022-06-06 16:16:50.688,0.08255,0.08265,0.08251,0.0826,1
2022-06-06 16:19:01.760,0.0826,0.0827,0.0826,0.08269,1
2022-06-06 16:19:01.760,0.08269,0.0827,0.08264,0.08265,1
2022-06-06 16:19:01.760,0.08265,0.08267,0.0826,0.08267,1
2022-06-06 16:21:12.832,0.08267,0.08267,0.08255,0.08258,1
2022-06-06 16:21:12.832,0.08258,0.08258,0.08252,0.08252,1
2022-06-06 16:23:23.904,0.08252,0.08252,0.08242,0.08245,1
2022-06-06 16:23:23.904,0.08246,0.08247,0.08226,0.08226,1
2022-06-06 16:25:34.976,0.08234,0.08238,0.08232,0.08237,1
2022-06-06 16:25:34.976,0.08226,0.0824,0.08226,0.08234,1
2022-06-06 16:27:46.048,0.08232,0.08235,0.0823,0.08233,1
2022-06-06 16:27:46.048,0.08237,0.08237,0.08231,0.08232,1
2022-06-06 16:29:57.120,0.08233,0.08239,0.0823,0.08232,1
2022-06-06 16:29:57.120,0.08232,0.08233,0.08219,0.08219,1
2022-06-06 16:29:57.120,0.0822,0.08222,0.08206,0.08222,1
2022-06-06 16:32:08.192,0.08222,0.08234,0.08222,0.08234,1
2022-06-06 16:32:08.192,0.08234,0.08239,0.08226,0.08232,1
2022-06-06 16:34:19.264,0.08232,0.08243,0.08229,0.0824,1
2022-06-06 16:34:19.264,0.08241,0.08247,0.08232,0.08232,1
2022-06-06 16:36:30.336,0.08237,0.0824,0.08227,0.08227,1
2022-06-06 16:36:30.336,0.08232,0.08242,0.0823,0.08236,1
2022-06-06 16:38:41.408,0.08226,0.08227,0.0822,0.08224,1
2022-06-06 16:38:41.408,0.08225,0.08233,0.08222,0.08222,1
2022-06-06 16:40:52.480,0.08222,0.08222,0.08206,0.08206,1
2022-06-06 16:40:52.480,0.08206,0.08219,0.08202,0.08215,1
2022-06-06 16:43:03.552,0.08218,0.08218,0.08212,0.08212,1
2022-06-06 16:43:03.552,0.08214,0.08219,0.08209,0.08219,1
2022-06-06 16:43:03.552,0.08219,0.0822,0.08214,0.08218,1
2022-06-06 16:45:14.624,0.08212,0.08219,0.0821,0.08214,1
2022-06-06 16:45:14.624,0.08214,0.08221,0.08214,0.08221,1
2022-06-06 16:47:25.696,0.08221,0.08221,0.08212,0.08214,1
2022-06-06 16:47:25.696,0.08214,0.08218,0.0821,0.08211,1
2022-06-06 16:49:36.768,0.08211,0.08219,0.08209,0.08214,1
2022-06-06 16:49:36.768,0.08214,0.08214,0.08208,0.08208,1
2022-06-06 16:51:47.840,0.08192,0.08196,0.08189,0.08195,1
2022-06-06 16:51:47.840,0.08208,0.08208,0.08186,0.08192,1
2022-06-06 16:53:58.912,0.08195,0.08203,0.08194,0.082,1
2022-06-06 16:53:58.912,0.082,0.08211,0.08199,0.08211,1
2022-06-06 16:53:58.912,0.08211,0.08218,0.08209,0.08216,1
2022-06-06 16:56:09.984,0.08216,0.0822,0.08205,0.08211,1
2022-06-06 16:56:09.984,0.08211,0.08218,0.0821,0.08217,1
2022-06-06 16:58:21.056,0.08217,0.08218,0.08214,0.08215,1
2022-06-06 16:58:21.056,0.08217,0.08219,0.08215,0.08217,1
2022-06-06 17:00:32.128,0.08206,0.08206,0.08199,0.08199,1
2022-06-06 17:00:32.128,0.08215,0.08216,0.08206,0.08206,1
2022-06-06 17:02:43.200,0.08199,0.08211,0.08199,0.08211,1
2022-06-06 17:02:43.200,0.08211,0.08213,0.08209,0.0821,1
2022-06-06 17:04:54.272,0.08209,0.08209,0.082,0.082,1
2022-06-06 17:04:54.272,0.082,0.08215,0.08197,0.08214,1
2022-06-06 17:07:05.344,0.08214,0.08222,0.08213,0.08217,1
2022-06-06 17:07:05.344,0.08217,0.08222,0.08215,0.08218,1
2022-06-06 17:07:05.344,0.08218,0.08218,0.08209,0.08209,1
2022-06-06 17:09:16.416,0.08209,0.08209,0.08201,0.08201,1
2022-06-06 17:09:16.416,0.08201,0.08208,0.082,0.082,1
2022-06-06 17:11:27.488,0.08185,0.08195,0.08182,0.08185,1
2022-06-06 17:11:27.488,0.08199,0.08201,0.08184,0.08185,1
2022-06-06 17:13:38.560,0.08195,0.08195,0.08188,0.08188,1
2022-06-06 17:13:38.560,0.08185,0.08195,0.08183,0.08195,1
2022-06-06 17:15:49.632,0.08188,0.08191,0.0818,0.08188,1
2022-06-06 17:15:49.632,0.08188,0.08188,0.08178,0.08185,1
2022-06-06 17:18:00.704,0.08185,0.08185,0.08172,0.08174,1
2022-06-06 17:18:00.704,0.08174,0.08183,0.08171,0.08174,1
2022-06-06 17:18:00.704,0.08174,0.08182,0.08172,0.08173,1
2022-06-06 17:20:11.776,0.08173,0.08173,0.08156,0.08163,1
2022-06-06 17:20:11.776,0.08163,0.08173,0.08158,0.08173,1
2022-06-06 17:22:22.848,0.08177,0.08181,0.08169,0.0817,1
2022-06-06 17:22:22.848,0.08173,0.08177,0.08168,0.08177,1
2022-06-06 17:24:33.920,0.0817,0.08184,0.0817,0.08182,1
2022-06-06 17:24:33.920,0.08182,0.08186,0.08179,0.08185,1
2022-06-06 17:26:44.992,0.08185,0.08194,0.08185,0.08191,1
2022-06-06 17:26:44.992,0.08191,0.08194,0.08183,0.08188,1
2022-06-06 17:28:56.064,0.08188,0.08191,0.08186,0.08191,1
2022-06-06 17:28:56.064,0.08191,0.08196,0.08191,0.08192,1
2022-06-06 17:28:56.064,0.08192,0.08206,0.0819,0.08197,1
2022-06-06 17:31:07.136,0.08197,0.082,0.08194,0.08197,1
2022-06-06 17:31:07.136,0.08197,0.082,0.08191,0.08199,1
2022-06-06 17:33:18.208,0.08199,0.08199,0.08194,0.08196,1
2022-06-06 17:33:18.208,0.08196,0.08196,0.08189,0.0819,1
2022-06-06 17:35:29.280,0.0819,0.082,0.08188,0.08199,1
2022-06-06 17:35:29.280,0.0819,0.08192,0.08186,0.0819,1
2022-06-06 17:37:40.352,0.08199,0.08206,0.08197,0.08205,1
2022-06-06 17:37:40.352,0.08199,0.08199,0.08194,0.08199,1
2022-06-06 17:39:51.424,0.08205,0.08209,0.08201,0.08204,1
2022-06-06 17:39:51.424,0.08204,0.08205,0.08195,0.08198,1
2022-06-06 17:42:02.496,0.08198,0.08204,0.08198,0.08202,1
2022-06-06 17:42:02.496,0.08202,0.08205,0.08199,0.08203,1
2022-06-06 17:42:02.496,0.08203,0.08209,0.08203,0.08205,1
2022-06-06 17:44:13.568,0.08205,0.08208,0.08204,0.08207,1
2022-06-06 17:44:13.568,0.08207,0.08208,0.082,0.082,1
2022-06-06 17:46:24.640,0.08201,0.08208,0.08198,0.08202,1
2022-06-06 17:46:24.640,0.082,0.08202,0.08199,0.08201,1
2022-06-06 17:48:35.712,0.08202,0.08203,0.08195,0.08196,1
2022-06-06 17:48:35.712,0.08196,0.08211,0.08196,0.08211,1
2022-06-06 17:50:46.784,0.08211,0.08217,0.08207,0.08215,1
2022-06-06 17:50:46.784,0.08215,0.08215,0.08211,0.08213,1
2022-06-06 17:52:57.856,0.08213,0.08216,0.08208,0.0821,1
2022-06-06 17:52:57.856,0.0821,0.08213,0.08208,0.08213,1
2022-06-06 17:52:57.856,0.08213,0.08221,0.08212,0.08219,1
2022-06-06 17:55:08.928,0.08219,0.08221,0.08218,0.08219,1
2022-06-06 17:55:08.928,0.08219,0.08219,0.08217,0.08218,1
2022-06-06 17:57:20.000,0.08218,0.08219,0.08216,0.08216,1
2022-06-06 17:57:20.000,0.08218,0.08218,0.08211,0.08218,1
2022-06-06 17:59:31.072,0.08215,0.08216,0.08208,0.0821,1
2022-06-06 17:59:31.072,0.08216,0.08219,0.08213,0.08215,1
2022-06-06 18:01:42.144,0.0821,0.08217,0.0821,0.08213,1
2022-06-06 18:01:42.144,0.08213,0.08218,0.08213,0.08218,1
2022-06-06 18:03:53.216,0.08218,0.08219,0.08216,0.08217,1
2022-06-06 18:03:53.216,0.08217,0.08223,0.08217,0.08222,1
2022-06-06 18:06:04.288,0.08222,0.08226,0.0822,0.08225,1
2022-06-06 18:06:04.288,0.08225,0.08228,0.08225,0.08226,1
2022-06-06 18:06:04.288,0.08226,0.08226,0.08211,0.08211,1
2022-06-06 18:08:15.360,0.0821,0.08219,0.0821,0.08217,1
2022-06-06 18:08:15.360,0.08211,0.08213,0.0821,0.0821,1
2022-06-06 18:10:26.432,0.08217,0.08219,0.08216,0.08219,1
2022-06-06 18:10:26.432,0.08219,0.08219,0.08216,0.08216,1
2022-06-06 18:12:37.504,0.08216,0.08218,0.08214,0.08215,1
2022-06-06 18:12:37.504,0.08215,0.08215,0.08211,0.08212,1
2022-06-06 18:14:48.576,0.08212,0.08221,0.08212,0.08217,1
2022-06-06 18:14:48.576,0.08217,0.08217,0.08211,0.08216,1
2022-06-06 18:16:59.648,0.08215,0.08215,0.08212,0.08215,1
2022-06-06 18:16:59.648,0.08216,0.08216,0.08212,0.08216,1
2022-06-06 18:16:59.648,0.08216,0.08219,0.08214,0.08215,1
2022-06-06 18:19:10.720,0.08215,0.0822,0.08213,0.0822,1
2022-06-06 18:19:10.720,0.0822,0.0822,0.08216,0.08216,1
2022-06-06 18:21:21.792,0.08216,0.08218,0.08209,0.0821,1
2022-06-06 18:21:21.792,0.0821,0.08211,0.08206,0.08206,1
2022-06-06 18:23:32.864,0.08206,0.08206,0.08201,0.08204,1
2022-06-06 18:23:32.864,0.08204,0.08211,0.08203,0.08211,1
2022-06-06 18:25:43.936,0.08207,0.08207,0.082,0.08206,1
2022-06-06 18:25:43.936,0.08211,0.08211,0.08206,0.08207,1
2022-06-06 18:27:55.008,0.08206,0.08206,0.08197,0.08202,1
2022-06-06 18:27:55.008,0.08202,0.08205,0.08201,0.08204,1
2022-06-06 18:27:55.008,0.08204,0.0821,0.08202,0.08209,1
2022-06-06 18:30:06.080,0.08209,0.08209,0.08204,0.08208,1
2022-06-06 18:30:06.080,0.08208,0.08208,0.08205,0.08206,1
2022-06-06 18:32:17.152,0.08204,0.08209,0.08202,0.08209,1
2022-06-06 18:32:17.152,0.08206,0.08206,0.08202,0.08204,1
2022-06-06 18:34:28.224,0.08207,0.08209,0.08203,0.08206,1
2022-06-06 18:34:28.224,0.08209,0.0821,0.08207,0.08207,1
2022-06-06 18:36:39.296,0.08206,0.08206,0.08202,0.08204,1
2022-06-06 18:36:39.296,0.08204,0.08204,0.08199,0.08199,1
2022-06-06 18:38:50.368,0.08199,0.08199,0.08184,0.08184,1
2022-06-06 18:38:50.368,0.08184,0.08185,0.08173,0.08178,1
2022-06-06 18:41:01.440,0.08178,0.0818,0.08178,0.0818,1
2022-06-06 18:41:01.440,0.0818,0.08189,0.0818,0.08189,1
2022-06-06 18:41:01.440,0.08189,0.08201,0.08189,0.082,1
2022-06-06 18:43:12.512,0.082,0.08204,0.08198,0.08201,1
2022-06-06 18:43:12.512,0.08201,0.08208,0.08201,0.08208,1
2022-06-06 18:45:23.584,0.08209,0.08216,0.08209,0.08216,1
2022-06-06 18:45:23.584,0.08208,0.08213,0.08208,0.08209,1
2022-06-06 18:47:34.656,0.08215,0.08217,0.08208,0.08208,1
2022-06-06 18:47:34.656,0.08208,0.08213,0.08198,0.08198,1
2022-06-06 18:49:45.728,0.08198,0.08203,0.08197,0.08197,1
2022-06-06 18:49:45.728,0.08197,0.08197,0.08181,0.08183,1
2022-06-06 18:51:56.800,0.08183,0.08183,0.08171,0.08173,1
2022-06-06 18:51:56.800,0.08173,0.08183,0.08173,0.08182,1
2022-06-06 18:51:56.800,0.08182,0.08187,0.08181,0.08187,1
2022-06-06 18:54:07.872,0.0819,0.08195,0.08186,0.08192,1
2022-06-06 18:54:07.872,0.08187,0.0819,0.08185,0.0819,1
2022-06-06 18:56:18.944,0.08192,0.08199,0.08192,0.08195,1
2022-06-06 18:56:18.944,0.08195,0.08197,0.08193,0.08194,1
2022-06-06 18:58:30.016,0.08194,0.08198,0.08194,0.08195,1
2022-06-06 18:58:30.016,0.08195,0.08195,0.08189,0.0819,1
2022-06-06 19:00:41.088,0.0819,0.08191,0.0818,0.08186,1
2022-06-06 19:00:41.088,0.08186,0.08187,0.08183,0.08186,1
2022-06-06 19:02:52.160,0.08186,0.08198,0.08186,0.08196,1
2022-06-06 19:02:52.160,0.08196,0.08196,0.08187,0.08189,1
2022-06-06 19:05:03.232,0.08189,0.08189,0.0818,0.08181,1
2022-06-06 19:05:03.232,0.08181,0.08187,0.08181,0.08185,1
2022-06-06 19:05:03.232,0.08185,0.08186,0.08181,0.08182,1
2022-06-06 19:07:14.304,0.08182,0.08185,0.0818,0.08185,1
2022-06-06 19:07:14.304,0.08185,0.08188,0.08179,0.08188,1
2022-06-06 19:09:25.376,0.08188,0.08191,0.08187,0.08189,1
2022-06-06 19:09:25.376,0.08189,0.0819,0.0818,0.0818,1
2022-06-06 19:11:36.448,0.0818,0.08183,0.08176,0.08176,1
2022-06-06 19:11:36.448,0.08176,0.08177,0.08161,0.08169,1
2022-06-06 19:13:47.520,0.08171,0.08177,0.08169,0.08169,1
2022-06-06 19:13:47.520,0.08169,0.08171,0.08166,0.08171,1
2022-06-06 19:15:58.592,0.0818,0.0818,0.08176,0.08176,1
2022-06-06 19:15:58.592,0.08169,0.0817,0.08167,0.08168,1
2022-06-06 19:15:58.592,0.08168,0.08181,0.08168,0.0818,1
2022-06-06 19:18:09.664,0.08176,0.08181,0.08176,0.0818,1
2022-06-06 19:18:09.664,0.0818,0.0818,0.0817,0.0817,1
2022-06-06 19:20:20.736,0.0817,0.0817,0.08163,0.08163,1
2022-06-06 19:20:20.736,0.08163,0.08167,0.08162,0.08167,1
2022-06-06 19:22:31.808,0.08167,0.08177,0.08167,0.08172,1
2022-06-06 19:22:31.808,0.08172,0.08173,0.08167,0.08173,1
2022-06-06 19:24:42.880,0.08173,0.08176,0.08173,0.08176,1
2022-06-06 19:24:42.880,0.08176,0.0818,0.08175,0.08175,1
2022-06-06 19:26:53.952,0.08175,0.08175,0.08173,0.08173,1
2022-06-06 19:26:53.952,0.08173,0.08177,0.08172,0.08177,1
2022-06-06 19:29:05.024,0.08168,0.0817,0.08165,0.08169,1
2022-06-06 19:29:05.024,0.08177,0.08177,0.08167,0.08167,1
2022-06-06 19:29:05.024,0.08167,0.08169,0.08166,0.08168,1
2022-06-06 19:31:16.096,0.08169,0.08172,0.08168,0.08171,1
2022-06-06 19:31:16.096,0.08171,0.08173,0.08167,0.08168,1
2022-06-06 19:33:27.168,0.08168,0.0817,0.08166,0.0817,1
2022-06-06 19:33:27.168,0.0817,0.0817,0.08167,0.08169,1
2022-06-06 19:35:38.240,0.08169,0.08169,0.08165,0.08167,1
2022-06-06 19:35:38.240,0.08167,0.08167,0.08162,0.08163,1
2022-06-06 19:37:49.312,0.08163,0.08164,0.08159,0.08162,1
2022-06-06 19:37:49.312,0.08162,0.08173,0.08161,0.08173,1
2022-06-06 19:40:00.384,0.0817,0.08184,0.0817,0.08184,1
2022-06-06 19:40:00.384,0.08173,0.08173,0.08169,0.0817,1
2022-06-06 19:40:00.384,0.08173,0.08175,0.08173,0.08173,1
2022-06-06 19:42:11.456,0.08184,0.0819,0.08182,0.08187,1
2022-06-06 19:42:11.456,0.08187,0.08193,0.08184,0.08193,1
2022-06-06 19:44:22.528,0.08193,0.08195,0.08187,0.0819,1
2022-06-06 19:44:22.528,0.0819,0.08192,0.0819,0.0819,1
2022-06-06 19:46:33.600,0.0819,0.0819,0.08181,0.08182,1
2022-06-06 19:46:33.600,0.08182,0.08183,0.0818,0.08183,1
2022-06-06 19:48:44.672,0.08183,0.08185,0.08182,0.08182,1
2022-06-06 19:48:44.672,0.08182,0.08189,0.08181,0.08187,1
2022-06-06 19:50:55.744,0.08194,0.08194,0.0819,0.08192,1
2022-06-06 19:50:55.744,0.08187,0.08196,0.08187,0.08194,1
2022-06-06 19:50:55.744,0.08194,0.08194,0.08187,0.08194,1
2022-06-06 19:53:06.816,0.08192,0.08195,0.08187,0.08188,1
2022-06-06 19:53:06.816,0.08188,0.08195,0.08188,0.08195,1
2022-06-06 19:55:17.888,0.08194,0.08201,0.08192,0.08197,1
2022-06-06 19:55:17.888,0.08197,0.08198,0.08191,0.08193,1
2022-06-06 19:57:28.960,0.08193,0.08193,0.08191,0.08192,1
2022-06-06 19:57:28.960,0.08192,0.08192,0.0819,0.08192,1
2022-06-06 19:59:40.032,0.08192,0.08198,0.08192,0.08196,1
2022-06-06 19:59:40.032,0.08196,0.08196,0.0819,0.0819,1
2022-06-06 20:01:51.104,0.0819,0.0819,0.08184,0.08184,1
2022-06-06 20:01:51.104,0.08184,0.08185,0.0818,0.08182,1
2022-06-06 20:04:02.176,0.08183,0.08184,0.08181,0.08183,1
2022-06-06 20:04:02.176,0.08186,0.08186,0.0818,0.08183,1
2022-06-06 20:04:02.176,0.08182,0.08186,0.08182,0.08186,1
2022-06-06 20:06:13.248,0.08183,0.08184,0.08175,0.08176,1
2022-06-06 20:06:13.248,0.08176,0.08178,0.08168,0.08168,1
2022-06-06 20:08:24.320,0.08168,0.0817,0.08154,0.08154,1
2022-06-06 20:08:24.320,0.08154,0.08155,0.08146,0.08148,1
2022-06-06 20:10:35.392,0.08148,0.08151,0.08141,0.08142,1
2022-06-06 20:10:35.392,0.08142,0.08143,0.08135,0.08139,1
2022-06-06 20:12:46.464,0.08139,0.08156,0.08139,0.08155,1
2022-06-06 20:12:46.464,0.08155,0.08159,0.08148,0.08159,1
2022-06-06 20:14:57.536,0.08159,0.08166,0.08159,0.08165,1
2022-06-06 20:14:57.536,0.08165,0.08169,0.08162,0.08168,1
2022-06-06 20:14:57.536,0.08168,0.08189,0.08166,0.08186,1
2022-06-06 20:17:08.608,0.08186,0.0819,0.08183,0.08186,1
2022-06-06 20:17:08.608,0.08186,0.08188,0.08182,0.08182,1
2022-06-06 20:19:19.680,0.08182,0.08199,0.0818,0.08196,1
2022-06-06 20:19:19.680,0.08196,0.08196,0.08189,0.0819,1
2022-06-06 20:21:30.752,0.0819,0.0819,0.08176,0.08176,1
2022-06-06 20:21:30.752,0.08176,0.0818,0.08174,0.08174,1
2022-06-06 20:23:41.824,0.08174,0.08182,0.08174,0.08181,1
2022-06-06 20:23:41.824,0.08181,0.08188,0.0818,0.08185,1
2022-06-06 20:25:52.896,0.08185,0.08187,0.08175,0.08175,1
2022-06-06 20:25:52.896,0.08174,0.08177,0.0817,0.08171,1
2022-06-06 20:28:03.968,0.08182,0.08183,0.08179,0.08181,1
2022-06-06 20:28:03.968,0.08171,0.08179,0.08168,0.08179,1
2022-06-06 20:28:03.968,0.08179,0.08184,0.08179,0.08182,1
2022-06-06 20:30:15.040,0.08181,0.08184,0.08173,0.08183,1
2022-06-06 20:30:15.040,0.08183,0.08192,0.08183,0.08192,1
2022-06-06 20:32:26.112,0.08192,0.08195,0.0819,0.08191,1
2022-06-06 20:32:26.112,0.08191,0.08191,0.08175,0.08177,1
2022-06-06 20:34:37.184,0.08177,0.08179,0.08176,0.08176,1
2022-06-06 20:34:37.184,0.08176,0.08176,0.08174,0.08175,1
2022-06-06 20:36:48.256,0.08175,0.08175,0.0817,0.0817,1
2022-06-06 20:36:48.256,0.0817,0.08176,0.08169,0.08174,1
2022-06-06 20:38:59.328,0.08177,0.08178,0.08175,0.08176,1
2022-06-06 20:38:59.328,0.08174,0.08176,0.08171,0.08176,1
2022-06-06 20:38:59.328,0.08176,0.08178,0.08175,0.08177,1
2022-06-06 20:41:10.400,0.08176,0.08184,0.08175,0.08183,1
2022-06-06 20:41:10.400,0.08183,0.08183,0.0818,0.08182,1
2022-06-06 20:43:21.472,0.08182,0.08183,0.08172,0.08172,1
2022-06-06 20:43:21.472,0.08172,0.0818,0.08172,0.08176,1
2022-06-06 20:45:32.544,0.08176,0.08181,0.08176,0.08181,1
2022-06-06 20:45:32.544,0.08181,0.08185,0.08178,0.08185,1
2022-06-06 20:47:43.616,0.08185,0.08189,0.08185,0.08189,1
2022-06-06 20:47:43.616,0.08189,0.08191,0.08189,0.08189,1
2022-06-06 20:49:54.688,0.08191,0.08198,0.08191,0.08198,1
2022-06-06 20:49:54.688,0.08189,0.08192,0.08189,0.08192,1
2022-06-06 20:49:54.688,0.08192,0.08194,0.0819,0.08191,1
2022-06-06 20:52:05.760,0.08198,0.08205,0.08198,0.08201,1
2022-06-06 20:52:05.760,0.08201,0.08203,0.082,0.082,1
2022-06-06 20:54:16.832,0.082,0.08204,0.082,0.08202,1
2022-06-06 20:54:16.832,0.08202,0.08202,0.08196,0.08201,1
2022-06-06 20:56:27.904,0.08201,0.08201,0.08197,0.08198,1
2022-06-06 20:56:27.904,0.08198,0.08199,0.08196,0.08196,1
2022-06-06 20:58:38.976,0.08196,0.08196,0.0819,0.08194,1
2022-06-06 20:58:38.976,0.08194,0.08199,0.08194,0.08198,1
2022-06-06 21:00:50.048,0.08198,0.08203,0.08197,0.08203,1
2022-06-06 21:00:50.048,0.08203,0.08217,0.08201,0.08208,1
2022-06-06 21:03:01.120,0.08219,0.08219,0.08213,0.08217,1
2022-06-06 21:03:01.120,0.08208,0.08217,0.08205,0.08217,1
2022-06-06 21:03:01.120,0.08217,0.08219,0.08217,0.08219,1
2022-06-06 21:05:12.192,0.08217,0.08221,0.08217,0.08219,1
2022-06-06 21:05:12.192,0.08219,0.08219,0.08214,0.08215,1
2022-06-06 21:07:23.264,0.08215,0.08218,0.08214,0.08215,1
2022-06-06 21:07:23.264,0.08215,0.08215,0.08211,0.08212,1
2022-06-06 21:09:34.336,0.08212,0.08218,0.08212,0.08214,1
2022-06-06 21:09:34.336,0.08214,0.08218,0.08214,0.08218,1
2022-06-06 21:11:45.408,0.08218,0.08219,0.08215,0.08216,1
2022-06-06 21:11:45.408,0.08216,0.08218,0.08215,0.08216,1
2022-06-06 21:13:56.480,0.08217,0.08218,0.08216,0.08217,1
2022-06-06 21:13:56.480,0.0822,0.08221,0.08216,0.08217,1
2022-06-06 21:13:56.480,0.08216,0.0822,0.08216,0.0822,1
2022-06-06 21:16:07.552,0.08217,0.08217,0.08216,0.08216,1
2022-06-06 21:16:07.552,0.08216,0.08217,0.08216,0.08217,1
2022-06-06 21:18:18.624,0.08217,0.08217,0.08215,0.08215,1
2022-06-06 21:18:18.624,0.08215,0.08221,0.08214,0.08221,1
2022-06-06 21:20:29.696,0.08221,0.08222,0.0822,0.08222,1
2022-06-06 21:20:29.696,0.08222,0.08224,0.08221,0.08222,1
2022-06-06 21:22:40.768,0.08222,0.08223,0.08221,0.08221,1
2022-06-06 21:22:40.768,0.08221,0.08222,0.0822,0.08221,1
2022-06-06 21:24:51.840,0.08221,0.08223,0.08221,0.08223,1
2022-06-06 21:24:51.840,0.08223,0.08223,0.08221,0.08222,1
2022-06-06 21:27:02.912,0.08222,0.08224,0.08222,0.08223,1
2022-06-06 21:27:02.912,0.08223,0.08254,0.08222,0.08246,1
2022-06-06 21:27:02.912,0.08246,0.08255,0.08246,0.08254,1
2022-06-06 21:29:13.984,0.08254,0.08254,0.08248,0.08248,1
2022-06-06 21:29:13.984,0.08248,0.08248,0.08238,0.08238,1
2022-06-06 21:31:25.056,0.08231,0.08233,0.08228,0.08229,1
2022-06-06 21:31:25.056,0.08238,0.08238,0.0823,0.0823,1
2022-06-06 21:33:36.128,0.08229,0.08229,0.08225,0.08225,1
2022-06-06 21:33:36.128,0.08225,0.0823,0.08225,0.08229,1
2022-06-06 21:35:47.200,0.08229,0.0823,0.08223,0.08224,1
2022-06-06 21:35:47.200,0.08224,0.08226,0.08223,0.08226,1
2022-06-06 21:37:58.272,0.08226,0.08226,0.08224,0.08225,1
2022-06-06 21:37:58.272,0.08225,0.08229,0.08225,0.08228,1
2022-06-06 21:37:58.272,0.08228,0.08229,0.08228,0.08229,1
2022-06-06 21:40:09.344,0.08226,0.08227,0.08226,0.08227,1
2022-06-06 21:40:09.344,0.08229,0.08229,0.08226,0.08226,1
2022-06-06 21:42:20.416,0.08227,0.08227,0.08224,0.08224,1
2022-06-06 21:42:20.416,0.08224,0.08224,0.08223,0.08224,1
2022-06-06 21:44:31.488,0.08224,0.08224,0.08222,0.08223,1
2022-06-06 21:44:31.488,0.08223,0.08223,0.08222,0.08223,1
2022-06-06 21:46:42.560,0.08223,0.08223,0.08217,0.08217,1
2022-06-06 21:46:42.560,0.08217,0.08221,0.08214,0.08221,1
2022-06-06 21:48:53.632,0.08221,0.08222,0.08221,0.08221,1
2022-06-06 21:48:53.632,0.08221,0.08222,0.08219,0.0822,1
2022-06-06 21:51:04.704,0.0822,0.08222,0.0822,0.08222,1
2022-06-06 21:51:04.704,0.0822,0.0822,0.0822,0.0822,1
2022-06-06 21:51:04.704,0.0822,0.08221,0.08219,0.0822,1
2022-06-06 21:53:15.776,0.08222,0.08222,0.08221,0.08222,1
2022-06-06 21:53:15.776,0.08222,0.08222,0.08221,0.08222,1
2022-06-06 21:55:26.848,0.08222,0.08224,0.08222,0.08224,1
2022-06-06 21:55:26.848,0.08224,0.08225,0.08224,0.08225,1
2022-06-06 21:57:37.920,0.08225,0.08226,0.08224,0.08224,1
2022-06-06 21:57:37.920,0.08224,0.08227,0.08224,0.08227,1
2022-06-06 21:59:48.992,0.08227,0.08229,0.08227,0.08229,1
2022-06-06 21:59:48.992,0.08229,0.08229,0.08226,0.08227,1
2022-06-06 22:02:00.064,0.08224,0.08227,0.08223,0.08224,1
2022-06-06 22:02:00.064,0.08227,0.08227,0.08225,0.08225,1
2022-06-06 22:02:00.064,0.08225,0.08225,0.08224,0.08224,1
2022-06-06 22:04:11.136,0.08223,0.08225,0.08223,0.08225,1
2022-06-06 22:04:11.136,0.08224,0.08224,0.08223,0.08223,1
2022-06-06 22:06:22.208,0.08241,0.08245,0.08241,0.08243,1
2022-06-06 22:06:22.208,0.08225,0.08243,0.08225,0.08241,1
2022-06-06 22:08:33.280,0.08243,0.08244,0.08243,0.08243,1
2022-06-06 22:08:33.280,0.08243,0.08246,0.08243,0.08244,1
2022-06-06 22:10:44.352,0.08244,0.08245,0.08237,0.08237,1
2022-06-06 22:10:44.352,0.08237,0.08239,0.08237,0.08237,1
2022-06-06 22:12:55.424,0.08237,0.0824,0.08237,0.08239,1
2022-06-06 22:12:55.424,0.08239,0.08239,0.08238,0.08239,1
2022-06-06 22:12:55.424,0.08239,0.08241,0.08227,0.0823,1
2022-06-06 22:15:06.496,0.08233,0.08234,0.08227,0.08233,1
2022-06-06 22:15:06.496,0.0823,0.08234,0.08227,0.08233,1
2022-06-06 22:17:17.568,0.08233,0.08233,0.08228,0.08228,1
2022-06-06 22:17:17.568,0.08228,0.08228,0.08221,0.08221,1
2022-06-06 22:19:28.640,0.08221,0.08225,0.08221,0.08223,1
2022-06-06 22:19:28.640,0.08223,0.08223,0.08219,0.0822,1
2022-06-06 22:21:39.712,0.0822,0.08232,0.08216,0.08232,1
2022-06-06 22:21:39.712,0.08232,0.08232,0.08223,0.08224,1
2022-06-06 22:23:50.784,0.08224,0.08226,0.08224,0.08225,1
2022-06-06 22:23:50.784,0.08225,0.08227,0.08225,0.08225,1
2022-06-06 22:26:01.856,0.08235,0.08246,0.08235,0.08244,1
2022-06-06 22:26:01.856,0.08228,0.08236,0.08228,0.08235,1
2022-06-06 22:26:01.856,0.08225,0.08228,0.08224,0.08228,1
2022-06-06 22:28:12.928,0.08244,0.08244,0.08242,0.08242,1
2022-06-06 22:28:12.928,0.08242,0.08242,0.08237,0.08239,1
2022-06-06 22:30:24.000,0.08239,0.0824,0.08239,0.0824,1
2022-06-06 22:30:24.000,0.0824,0.0824,0.08228,0.08229,1
2022-06-06 22:32:35.072,0.08229,0.08231,0.08229,0.08231,1
2022-06-06 22:32:35.072,0.08231,0.08231,0.08222,0.08225,1
2022-06-06 22:34:46.144,0.08225,0.08231,0.08224,0.08231,1
2022-06-06 22:34:46.144,0.08231,0.08232,0.08229,0.0823,1
2022-06-06 22:36:57.216,0.0824,0.08241,0.08239,0.0824,1
2022-06-06 22:36:57.216,0.0823,0.0823,0.08227,0.08227,1
2022-06-06 22:36:57.216,0.08227,0.0824,0.08227,0.0824,1
2022-06-06 22:39:08.288,0.0824,0.08242,0.08239,0.08242,1
2022-06-06 22:39:08.288,0.08241,0.08241,0.08238,0.08238,1
2022-06-06 22:41:19.360,0.08238,0.08238,0.08231,0.08233,1
2022-06-06 22:41:19.360,0.08233,0.08236,0.08229,0.0823,1
2022-06-06 22:43:30.432,0.0823,0.08237,0.08228,0.08229,1
2022-06-06 22:43:30.432,0.08229,0.08231,0.08227,0.08228,1
2022-06-06 22:45:41.504,0.08228,0.08238,0.08228,0.08235,1
2022-06-06 22:45:41.504,0.08235,0.08235,0.08231,0.08231,1
2022-06-06 22:47:52.576,0.08232,0.08232,0.08218,0.08219,1
2022-06-06 22:47:52.576,0.08231,0.08234,0.08231,0.08232,1
2022-06-06 22:50:03.648,0.08212,0.08224,0.08212,0.08224,1
2022-06-06 22:50:03.648,0.08219,0.08219,0.0821,0.08216,1
2022-06-06 22:50:03.648,0.08216,0.08216,0.08212,0.08212,1
2022-06-06 22:52:14.720,0.08224,0.08224,0.08222,0.08224,1
2022-06-06 22:52:14.720,0.08224,0.08227,0.08222,0.08227,1
2022-06-06 22:54:25.792,0.08227,0.08227,0.08218,0.08221,1
2022-06-06 22:54:25.792,0.08221,0.08224,0.08218,0.08219,1
2022-06-06 22:56:36.864,0.08219,0.08224,0.08216,0.08216,1
2022-06-06 22:56:36.864,0.08216,0.08216,0.08211,0.08214,1
2022-06-06 22:58:47.936,0.08214,0.08221,0.08214,0.08221,1
2022-06-06 22:58:47.936,0.08221,0.08221,0.08218,0.08218,1
2022-06-06 23:00:59.008,0.08218,0.08218,0.08208,0.08217,1
2022-06-06 23:00:59.008,0.08217,0.08218,0.08214,0.08216,1
2022-06-06 23:00:59.008,0.08216,0.08219,0.08214,0.08216,1
2022-06-06 23:03:10.080,0.08218,0.08219,0.08218,0.08218,1
2022-06-06 23:03:10.080,0.08216,0.08218,0.08213,0.08218,1
2022-06-06 23:05:21.152,0.08218,0.08227,0.08218,0.08227,1
2022-06-06 23:05:21.152,0.08227,0.08229,0.08225,0.08226,1
2022-06-06 23:07:32.224,0.08226,0.08226,0.08222,0.08222,1
2022-06-06 23:07:32.224,0.08223,0.08223,0.08217,0.08219,1
2022-06-06 23:09:43.296,0.08219,0.08219,0.08217,0.08219,1
2022-06-06 23:09:43.296,0.08219,0.08221,0.0821,0.0821,1
2022-06-06 23:11:54.368,0.0821,0.0821,0.08206,0.08209,1
2022-06-06 23:11:54.368,0.08209,0.08215,0.08209,0.08213,1
2022-06-06 23:14:05.440,0.0823,0.08231,0.08228,0.08231,1
2022-06-06 23:14:05.440,0.08213,0.08228,0.08213,0.08227,1
2022-06-06 23:14:05.440,0.08227,0.08233,0.08227,0.0823,1
2022-06-06 23:16:16.512,0.08222,0.08226,0.08222,0.08225,1
2022-06-06 23:16:16.512,0.08231,0.08233,0.08222,0.08223,1
2022-06-06 23:18:27.584,0.08225,0.0823,0.08224,0.0823,1
2022-06-06 23:18:27.584,0.0823,0.08233,0.08226,0.08229,1
2022-06-06 23:20:38.656,0.08229,0.08232,0.08228,0.08228,1
2022-06-06 23:20:38.656,0.08228,0.08229,0.08226,0.08227,1
2022-06-06 23:22:49.728,0.08227,0.08228,0.08226,0.08226,1
2022-06-06 23:22:49.728,0.08226,0.08227,0.08223,0.08227,1
2022-06-06 23:25:00.800,0.08218,0.08224,0.08217,0.08224,1
2022-06-06 23:25:00.800,0.08227,0.08227,0.0822,0.08221,1
2022-06-06 23:25:00.800,0.08221,0.08222,0.08218,0.08218,1
2022-06-06 23:27:11.872,0.08224,0.08224,0.08221,0.08222,1
2022-06-06 23:27:11.872,0.08222,0.08224,0.08221,0.08224,1
2022-06-06 23:29:22.944,0.08224,0.08231,0.08224,0.08229,1
2022-06-06 23:29:22.944,0.08229,0.08229,0.08223,0.08225,1
2022-06-06 23:31:34.016,0.08225,0.08228,0.08223,0.08223,1
2022-06-06 23:31:34.016,0.08223,0.08226,0.08223,0.08226,1
2022-06-06 23:33:45.088,0.08226,0.08232,0.08226,0.0823,1
2022-06-06 23:33:45.088,0.08231,0.08231,0.08231,0.08231,1
2022-06-06 23:35:56.160,0.08235,0.08238,0.08235,0.08238,1
2022-06-06 23:35:56.160,0.08234,0.08235,0.08233,0.08235,1
2022-06-06 23:35:56.160,0.08231,0.08235,0.08231,0.08234,1
2022-06-06 23:38:07.232,0.08238,0.08239,0.08236,0.08237,1
2022-06-06 23:38:07.232,0.08237,0.08238,0.08235,0.08235,1
2022-06-06 23:40:18.304,0.08235,0.08235,0.08235,0.08235,1
2022-06-06 23:40:18.304,0.08235,0.08235,0.0823,0.08233,1
2022-06-06 23:42:29.376,0.08233,0.08239,0.08232,0.08233,1
2022-06-06 23:42:29.376,0.08233,0.08238,0.08232,0.08238,1
2022-06-06 23:44:40.448,0.08238,0.08251,0.08238,0.08247,1
2022-06-06 23:44:40.448,0.08247,0.08262,0.08247,0.08262,1
2022-06-06 23:46:51.520,0.08262,0.08262,0.08259,0.08262,1
2022-06-06 23:46:51.520,0.08262,0.08263,0.08253,0.08253,1
2022-06-06 23:49:02.592,0.08254,0.08255,0.08242,0.08242,1
2022-06-06 23:49:02.592,0.08253,0.08256,0.08253,0.08256,1
2022-06-06 23:49:02.592,0.08256,0.08258,0.08252,0.08253,1
2022-06-06 23:51:13.664,0.08238,0.08239,0.08237,0.08239,1
2022-06-06 23:51:13.664,0.08242,0.08242,0.08238,0.08238,1
2022-06-06 23:53:24.736,0.08239,0.08264,0.08239,0.08263,1
2022-06-06 23:53:24.736,0.08263,0.08266,0.08251,0.08253,1
2022-06-06 23:55:35.808,0.08253,0.0826,0.08253,0.08259,1
2022-06-06 23:55:35.808,0.08259,0.08261,0.08258,0.08258,1
2022-06-06 23:57:46.880,0.08258,0.08258,0.08255,0.08255,1
2022-06-06 23:57:46.880,0.08255,0.08256,0.08252,0.08255,1
2022-06-06 23:59:57.952,0.08247,0.08247,0.0824,0.0824,1
2022-06-06 23:59:57.952,0.08249,0.08253,0.08247,0.08247,1
2022-06-06 23:59:57.952,0.08255,0.08255,0.08249,0.08249,1
2022-06-07 00:02:09.024,0.0824,0.08243,0.08233,0.08238,1
2022-06-07 00:02:09.024,0.08238,0.08242,0.08229,0.08229,1
2022-06-07 00:04:20.096,0.08229,0.08229,0.08213,0.08213,1
2022-06-07 00:04:20.096,0.08213,0.08229,0.08207,0.08219,1
2022-06-07 00:06:31.168,0.08219,0.08243,0.08216,0.08243,1
2022-06-07 00:06:31.168,0.08243,0.08253,0.08241,0.08253,1
2022-06-07 00:08:42.240,0.08253,0.08256,0.0825,0.08256,1
2022-06-07 00:08:42.240,0.08256,0.08257,0.08243,0.08243,1
2022-06-07 00:10:53.312,0.08243,0.08253,0.0824,0.08253,1
2022-06-07 00:10:53.312,0.08243,0.08243,0.08238,0.08243,1
2022-06-07 00:13:04.384,0.08248,0.08248,0.08226,0.08227,1
2022-06-07 00:13:04.384,0.08227,0.08227,0.08205,0.08209,1
2022-06-07 00:13:04.384,0.08253,0.08254,0.08248,0.08248,1
2022-06-07 00:15:15.456,0.08209,0.08235,0.08202,0.08235,1
2022-06-07 00:15:15.456,0.08235,0.08247,0.08235,0.08243,1
2022-06-07 00:17:26.528,0.08243,0.08246,0.08236,0.08243,1
2022-06-07 00:17:26.528,0.08243,0.08243,0.08223,0.08228,1
2022-06-07 00:19:37.600,0.08228,0.08228,0.0821,0.08212,1
2022-06-07 00:19:37.600,0.08212,0.08222,0.08208,0.08208,1
2022-06-07 00:21:48.672,0.08211,0.08211,0.08131,0.08135,1
2022-06-07 00:21:48.672,0.08208,0.08212,0.08207,0.08211,1
2022-06-07 00:23:59.744,0.08085,0.08085,0.08011,0.08018,1
2022-06-07 00:23:59.744,0.08135,0.08141,0.08081,0.081,1
2022-06-07 00:23:59.744,0.081,0.08109,0.08081,0.08086,1
2022-06-07 00:26:10.816,0.08018,0.08054,0.08013,0.08031,1
2022-06-07 00:26:10.816,0.08031,0.08053,0.08029,0.08053,1
2022-06-07 00:28:21.888,0.08053,0.08055,0.0803,0.08046,1
2022-06-07 00:28:21.888,0.08046,0.0805,0.08034,0.08042,1
2022-06-07 00:30:32.960,0.08042,0.08042,0.08012,0.08021,1
2022-06-07 00:30:32.960,0.08021,0.08021,0.07985,0.07992,1
2022-06-07 00:32:44.032,0.07992,0.07996,0.07968,0.07991,1
2022-06-07 00:32:44.032,0.07991,0.08009,0.07975,0.07979,1
2022-06-07 00:34:55.104,0.07979,0.0799,0.07948,0.07975,1
2022-06-07 00:34:55.104,0.07976,0.07978,0.07934,0.07977,1
2022-06-07 00:34:55.104,0.07978,0.07994,0.07975,0.07984,1
2022-06-07 00:37:06.176,0.07951,0.07953,0.07889,0.07947,1
2022-06-07 00:37:06.176,0.07984,0.07987,0.07946,0.07951,1
2022-06-07 00:39:17.248,0.07937,0.07959,0.07937,0.07947,1
2022-06-07 00:39:17.248,0.07947,0.07948,0.07917,0.07937,1
2022-06-07 00:41:28.320,0.07947,0.07956,0.07938,0.07949,1
2022-06-07 00:41:28.320,0.0795,0.07954,0.07933,0.07943,1
2022-06-07 00:43:39.392,0.07943,0.07943,0.07925,0.07927,1
2022-06-07 00:43:39.392,0.07927,0.07928,0.07913,0.07918,1
2022-06-07 00:45:50.464,0.07918,0.07946,0.07915,0.07943,1
2022-06-07 00:45:50.464,0.07943,0.07956,0.07942,0.07955,1
2022-06-07 00:48:01.536,0.07941,0.07947,0.07931,0.07931,1
2022-06-07 00:48:01.536,0.07946,0.07946,0.07937,0.0794,1
2022-06-07 00:48:01.536,0.07955,0.07955,0.07938,0.07946,1
2022-06-07 00:50:12.608,0.07931,0.07931,0.0792,0.07928,1
2022-06-07 00:50:12.608,0.07928,0.07943,0.07928,0.07934,1
2022-06-07 00:52:23.680,0.07934,0.07935,0.0792,0.07922,1
2022-06-07 00:52:23.680,0.07922,0.07938,0.07906,0.07931,1
2022-06-07 00:54:34.752,0.07931,0.07949,0.07929,0.07949,1
2022-06-07 00:54:34.752,0.07949,0.0795,0.07932,0.07932,1
2022-06-07 00:56:45.824,0.07932,0.07934,0.07922,0.07924,1
2022-06-07 00:56:45.824,0.07924,0.0793,0.07918,0.07924,1
2022-06-07 00:58:56.896,0.07936,0.07936,0.07904,0.07917,1
2022-06-07 00:58:56.896,0.07923,0.0793,0.07921,0.0793,1
2022-06-07 00:58:56.896,0.0793,0.07937,0.0793,0.07936,1
2022-06-07 01:01:07.968,0.07917,0.0795,0.07894,0.07947,1
2022-06-07 01:01:07.968,0.07947,0.07957,0.07945,0.07952,1
2022-06-07 01:03:19.040,0.07952,0.0797,0.07948,0.07963,1
2022-06-07 01:03:19.040,0.07963,0.07969,0.07957,0.07964,1
2022-06-07 01:05:30.112,0.07964,0.07964,0.07956,0.07959,1
2022-06-07 01:05:30.112,0.07959,0.07969,0.07956,0.07967,1
2022-06-07 01:07:41.184,0.07967,0.07975,0.07961,0.07975,1
2022-06-07 01:07:41.184,0.07975,0.07993,0.07973,0.07992,1
2022-06-07 01:09:52.256,0.07992,0.07992,0.07982,0.07982,1
2022-06-07 01:09:52.256,0.07992,0.07998,0.07988,0.07992,1
2022-06-07 01:12:03.328,0.07972,0.07981,0.0797,0.07976,1
2022-06-07 01:12:03.328,0.07982,0.07982,0.07972,0.0798,1
2022-06-07 01:12:03.328,0.0798,0.0798,0.07971,0.07972,1
2022-06-07 01:14:14.400,0.07976,0.0799,0.07976,0.07988,1
2022-06-07 01:14:14.400,0.07988,0.07988,0.07964,0.07973,1
2022-06-07 01:16:25.472,0.07973,0.07987,0.07972,0.07974,1
2022-06-07 01:16:25.472,0.07974,0.07984,0.07974,0.07979,1
2022-06-07 01:18:36.544,0.0798,0.07992,0.0798,0.07992,1
2022-06-07 01:18:36.544,0.07992,0.07992,0.07982,0.07982,1
2022-06-07 01:20:47.616,0.07982,0.07983,0.07975,0.07981,1
2022-06-07 01:20:47.616,0.07981,0.07985,0.07972,0.07985,1
2022-06-07 01:22:58.688,0.07993,0.07995,0.07988,0.07988,1
2022-06-07 01:22:58.688,0.07987,0.07995,0.07983,0.07989,1
2022-06-07 01:22:58.688,0.07989,0.07998,0.07988,0.07993,1
2022-06-07 01:25:09.760,0.07988,0.07988,0.07975,0.07985,1
2022-06-07 01:25:09.760,0.07985,0.07985,0.07975,0.07983,1
2022-06-07 01:27:20.832,0.07983,0.07983,0.07965,0.07978,1
2022-06-07 01:27:20.832,0.07978,0.07978,0.07958,0.0797,1
2022-06-07 01:29:31.904,0.0797,0.07976,0.07969,0.07975,1
2022-06-07 01:29:31.904,0.07975,0.07975,0.07959,0.07959,1
2022-06-07 01:31:42.976,0.07959,0.07959,0.0795,0.07954,1
2022-06-07 01:31:42.976,0.07954,0.07962,0.07952,0.07953,1
2022-06-07 01:33:54.048,0.07955,0.0796,0.07952,0.07957,1
2022-06-07 01:33:54.048,0.07953,0.07955,0.0793,0.07955,1
2022-06-07 01:36:05.120,0.07952,0.07952,0.07933,0.07934,1
2022-06-07 01:36:05.120,0.07958,0.07959,0.07947,0.07949,1
2022-06-07 01:36:05.120,0.07949,0.07953,0.07938,0.07952,1
2022-06-07 01:38:16.192,0.07934,0.07934,0.07919,0.07919,1
2022-06-07 01:38:16.192,0.07919,0.07924,0.07913,0.07922,1
2022-06-07 01:40:27.264,0.07922,0.07922,0.07917,0.07918,1
2022-06-07 01:40:27.264,0.07918,0.07918,0.07909,0.07911,1
2022-06-07 01:42:38.336,0.07911,0.07913,0.07904,0.07905,1
2022-06-07 01:42:38.336,0.07905,0.07909,0.07904,0.07905,1
2022-06-07 01:44:49.408,0.07905,0.07908,0.07889,0.07898,1
2022-06-07 01:44:49.408,0.07905,0.0791,0.07901,0.07904,1
2022-06-07 01:47:00.480,0.07899,0.07901,0.07891,0.07891,1
2022-06-07 01:47:00.480,0.07891,0.07891,0.07875,0.0788,1
2022-06-07 01:47:00.480,0.07898,0.079,0.07894,0.07899,1
2022-06-07 01:49:11.552,0.0788,0.07884,0.0788,0.07883,1
2022-06-07 01:49:11.552,0.07883,0.07883,0.07827,0.07837,1
2022-06-07 01:51:22.624,0.07836,0.07851,0.07806,0.07817,1
2022-06-07 01:51:22.624,0.07818,0.07829,0.07795,0.07795,1
2022-06-07 01:53:33.696,0.07794,0.07812,0.0777,0.07791,1
2022-06-07 01:53:33.696,0.07791,0.07801,0.07771,0.07781,1
2022-06-07 01:55:44.768,0.07783,0.07813,0.07782,0.07808,1
2022-06-07 01:55:44.768,0.07781,0.07789,0.07768,0.07783,1
2022-06-07 01:57:55.840,0.07842,0.07845,0.07836,0.07843,1
2022-06-07 01:57:55.840,0.07808,0.07828,0.07808,0.07826,1
2022-06-07 01:57:55.840,0.07826,0.07843,0.07825,0.07842,1
2022-06-07 02:00:06.912,0.07843,0.07843,0.07829,0.07832,1
2022-06-07 02:00:06.912,0.07832,0.07832,0.07819,0.0782,1
2022-06-07 02:02:17.984,0.0782,0.07824,0.07813,0.07821,1
2022-06-07 02:02:17.984,0.07821,0.07832,0.07818,0.07827,1
2022-06-07 02:04:29.056,0.07827,0.07832,0.07821,0.07832,1
2022-06-07 02:04:29.056,0.07832,0.07835,0.07829,0.07829,1
2022-06-07 02:06:40.128,0.07829,0.07829,0.07811,0.07816,1
2022-06-07 02:06:40.128,0.07816,0.07816,0.07806,0.07809,1
2022-06-07 02:08:51.200,0.07816,0.07822,0.07811,0.07821,1
2022-06-07 02:08:51.200,0.07808,0.07816,0.07792,0.07816,1
2022-06-07 02:11:02.272,0.07816,0.07828,0.07816,0.07828,1
2022-06-07 02:11:02.272,0.07828,0.07851,0.07826,0.07841,1
2022-06-07 02:11:02.272,0.07821,0.07822,0.07814,0.07816,1
2022-06-07 02:13:13.344,0.07841,0.07844,0.07839,0.0784,1
2022-06-07 02:13:13.344,0.0784,0.0784,0.07831,0.07834,1
2022-06-07 02:15:24.416,0.07834,0.07836,0.07818,0.0782,1
2022-06-07 02:15:24.416,0.0782,0.07836,0.0782,0.07836,1
2022-06-07 02:17:35.488,0.07836,0.07849,0.07825,0.07825,1
2022-06-07 02:17:35.488,0.07825,0.07829,0.07819,0.07828,1
2022-06-07 02:19:46.560,0.07837,0.07845,0.07837,0.07845,1
2022-06-07 02:19:46.560,0.07828,0.0784,0.07828,0.07837,1
2022-06-07 02:21:57.632,0.07829,0.07847,0.07818,0.07831,1
2022-06-07 02:21:57.632,0.07845,0.0785,0.07841,0.07841,1
2022-06-07 02:21:57.632,0.07841,0.07841,0.07827,0.07829,1
2022-06-07 02:24:08.704,0.07832,0.07855,0.07832,0.07843,1
2022-06-07 02:24:08.704,0.07843,0.07844,0.07833,0.07838,1
2022-06-07 02:26:19.776,0.07837,0.07837,0.07833,0.07834,1
2022-06-07 02:26:19.776,0.07834,0.07847,0.0783,0.07846,1
2022-06-07 02:28:30.848,0.07846,0.07846,0.07841,0.07841,1
2022-06-07 02:28:30.848,0.07841,0.07841,0.0783,0.07834,1
2022-06-07 02:30:41.920,0.07834,0.0784,0.07834,0.0784,1
2022-06-07 02:30:41.920,0.07841,0.07843,0.07823,0.07823,1
2022-06-07 02:32:52.992,0.07829,0.07838,0.07828,0.07835,1
2022-06-07 02:32:52.992,0.07824,0.07837,0.07824,0.07829,1
2022-06-07 02:35:04.064,0.07835,0.07841,0.07834,0.07839,1
2022-06-07 02:35:04.064,0.07839,0.07849,0.07837,0.07846,1
2022-06-07 02:35:04.064,0.07846,0.07863,0.07846,0.07861,1
2022-06-07 02:37:15.136,0.07861,0.07861,0.07858,0.07858,1
2022-06-07 02:37:15.136,0.07858,0.07861,0.07854,0.07861,1
2022-06-07 02:39:26.208,0.07861,0.07863,0.0786,0.07862,1
2022-06-07 02:39:26.208,0.07862,0.07865,0.07861,0.07862,1
2022-06-07 02:41:37.280,0.07862,0.07864,0.07854,0.07864,1
2022-06-07 02:41:37.280,0.07864,0.07865,0.07861,0.07861,1
2022-06-07 02:43:48.352,0.07861,0.07864,0.07857,0.0786,1
2022-06-07 02:43:48.352,0.0786,0.07861,0.07854,0.07861,1
2022-06-07 02:45:59.424,0.07865,0.07869,0.07864,0.07868,1
2022-06-07 02:45:59.424,0.07861,0.07868,0.07859,0.0786,1
2022-06-07 02:45:59.424,0.0786,0.07865,0.0786,0.07865,1
2022-06-07 02:48:10.496,0.07868,0.07882,0.07867,0.07881,1
2022-06-07 02:48:10.496,0.07881,0.07888,0.07879,0.07886,1
2022-06-07 02:50:21.568,0.07886,0.07891,0.07884,0.07891,1
2022-06-07 02:50:21.568,0.07891,0.07892,0.07884,0.07886,1
2022-06-07 02:52:32.640,0.07886,0.07889,0.07884,0.07886,1
2022-06-07 02:52:32.640,0.07886,0.07886,0.07879,0.07879,1
2022-06-07 02:54:43.712,0.07879,0.07886,0.07879,0.07886,1
2022-06-07 02:54:43.712,0.07886,0.07886,0.07879,0.07879,1
2022-06-07 02:56:54.784,0.07887,0.07896,0.07885,0.07895,1
2022-06-07 02:56:54.784,0.07892,0.07892,0.07883,0.07887,1
2022-06-07 02:56:54.784,0.07879,0.07892,0.07879,0.07892,1
2022-06-07 02:59:05.856,0.07895,0.07897,0.0789,0.07897,1
2022-06-07 02:59:05.856,0.07897,0.07897,0.0789,0.07894,1
2022-06-07 03:01:16.928,0.07894,0.07894,0.07884,0.07886,1
2022-06-07 03:01:16.928,0.07886,0.07896,0.07886,0.07896,1
2022-06-07 03:03:28.000,0.07896,0.07897,0.0789,0.07897,1
2022-06-07 03:03:28.000,0.07897,0.079,0.07895,0.07899,1
2022-06-07 03:05:39.072,0.07899,0.07909,0.07899,0.07907,1
2022-06-07 03:05:39.072,0.07907,0.07907,0.07895,0.07896,1
2022-06-07 03:07:50.144,0.07896,0.07903,0.07896,0.079,1
2022-06-07 03:07:50.144,0.079,0.07907,0.079,0.07905,1
2022-06-07 03:10:01.216,0.07905,0.07911,0.07904,0.07909,1
2022-06-07 03:10:01.216,0.07909,0.07912,0.07908,0.0791,1
2022-06-07 03:10:01.216,0.07909,0.07909,0.07901,0.07904,1
2022-06-07 03:12:12.288,0.07904,0.07904,0.07897,0.079,1
2022-06-07 03:12:12.288,0.079,0.07905,0.079,0.07905,1
2022-06-07 03:14:23.360,0.07905,0.07909,0.07903,0.07909,1
2022-06-07 03:14:23.360,0.07909,0.07911,0.07908,0.07911,1
2022-06-07 03:16:34.432,0.07911,0.07914,0.07911,0.07911,1
2022-06-07 03:16:34.432,0.07911,0.07915,0.07911,0.07915,1
2022-06-07 03:18:45.504,0.07913,0.07923,0.07913,0.07922,1
2022-06-07 03:18:45.504,0.07915,0.07915,0.0791,0.07913,1
2022-06-07 03:20:56.576,0.07922,0.07922,0.07916,0.07918,1
2022-06-07 03:20:56.576,0.07917,0.07934,0.07917,0.07933,1
2022-06-07 03:20:56.576,0.07933,0.07934,0.07931,0.07932,1
2022-06-07 03:23:07.648,0.07932,0.07932,0.07928,0.0793,1
2022-06-07 03:23:07.648,0.0793,0.07937,0.0793,0.07937,1
2022-06-07 03:25:18.720,0.07937,0.07943,0.07935,0.07938,1
2022-06-07 03:25:18.720,0.07938,0.07947,0.07938,0.07942,1
2022-06-07 03:27:29.792,0.07941,0.07941,0.0793,0.07932,1
2022-06-07 03:27:29.792,0.07932,0.07934,0.07922,0.07922,1
2022-06-07 03:29:40.864,0.07922,0.07927,0.0792,0.07927,1
2022-06-07 03:29:40.864,0.07927,0.07931,0.07926,0.07931,1
2022-06-07 03:31:51.936,0.07932,0.07933,0.07927,0.0793,1
2022-06-07 03:31:51.936,0.07931,0.07933,0.07927,0.07932,1
2022-06-07 03:34:03.008,0.07929,0.07931,0.07928,0.07931,1
2022-06-07 03:34:03.008,0.0793,0.07933,0.07928,0.07929,1
2022-06-07 03:34:03.008,0.07931,0.07931,0.07929,0.07929,1
2022-06-07 03:36:14.080,0.07929,0.07937,0.07929,0.07937,1
2022-06-07 03:36:14.080,0.07937,0.0794,0.07936,0.07939,1
2022-06-07 03:38:25.152,0.07939,0.07939,0.07933,0.07936,1
2022-06-07 03:38:25.152,0.07936,0.07941,0.07936,0.07939,1
2022-06-07 03:40:36.224,0.07939,0.0794,0.07929,0.07934,1
2022-06-07 03:40:36.224,0.07934,0.07939,0.07934,0.07939,1
2022-06-07 03:42:47.296,0.07939,0.07939,0.07934,0.07935,1
2022-06-07 03:42:47.296,0.07936,0.07937,0.07935,0.07935,1
2022-06-07 03:44:58.368,0.07935,0.07935,0.07933,0.07933,1
2022-06-07 03:44:58.368,0.07933,0.07939,0.07929,0.07937,1
2022-06-07 03:44:58.368,0.07937,0.07937,0.0793,0.0793,1
2022-06-07 03:47:09.440,0.0793,0.07931,0.0792,0.0792,1
2022-06-07 03:47:09.440,0.07919,0.07926,0.07915,0.07926,1
2022-06-07 03:49:20.512,0.07926,0.07928,0.07921,0.07926,1
2022-06-07 03:49:20.512,0.07926,0.07931,0.07925,0.07931,1
2022-06-07 03:51:31.584,0.07931,0.07933,0.07924,0.07926,1
2022-06-07 03:51:31.584,0.07926,0.07932,0.07926,0.0793,1
2022-06-07 03:53:42.656,0.0793,0.07932,0.0793,0.0793,1
2022-06-07 03:53:42.656,0.0793,0.07931,0.07928,0.07931,1
2022-06-07 03:55:53.728,0.0793,0.0793,0.07928,0.07928,1
2022-06-07 03:55:53.728,0.07931,0.07931,0.07927,0.0793,1
2022-06-07 03:58:04.800,0.07937,0.07937,0.07932,0.07932,1
2022-06-07 03:58:04.800,0.07928,0.07939,0.07927,0.07937,1
2022-06-07 03:58:04.800,0.07937,0.07939,0.07936,0.07937,1
2022-06-07 04:00:15.872,0.07942,0.07942,0.07925,0.07926,1
2022-06-07 04:00:15.872,0.07932,0.0795,0.0793,0.07942,1
2022-06-07 04:02:26.944,0.07926,0.07929,0.07925,0.07925,1
2022-06-07 04:02:26.944,0.07925,0.07926,0.07916,0.07916,1
2022-06-07 04:04:38.016,0.07915,0.07922,0.07911,0.0792,1
2022-06-07 04:04:38.016,0.0792,0.07927,0.0792,0.07925,1
2022-06-07 04:06:49.088,0.07926,0.07928,0.07925,0.07926,1
2022-06-07 04:06:49.088,0.07926,0.07927,0.07923,0.07925,1
2022-06-07 04:09:00.160,0.07927,0.07929,0.07925,0.07928,1
2022-06-07 04:09:00.160,0.07925,0.07929,0.07922,0.07926,1
2022-06-07 04:09:00.160,0.07926,0.07929,0.07923,0.07927,1
2022-06-07 04:11:11.232,0.07928,0.07931,0.07926,0.07928,1
2022-06-07 04:11:11.232,0.07928,0.07931,0.07928,0.0793,1
2022-06-07 04:13:22.304,0.0793,0.07933,0.07929,0.07929,1
2022-06-07 04:13:22.304,0.07929,0.0793,0.07926,0.07927,1
2022-06-07 04:15:33.376,0.07927,0.07929,0.07923,0.07929,1
2022-06-07 04:15:33.376,0.07929,0.07935,0.07929,0.07934,1
2022-06-07 04:17:44.448,0.07934,0.07935,0.07932,0.07934,1
2022-06-07 04:17:44.448,0.07934,0.07942,0.07934,0.0794,1
2022-06-07 04:19:55.520,0.0794,0.07941,0.07937,0.0794,1
2022-06-07 04:19:55.520,0.07939,0.0794,0.07939,0.07939,1
2022-06-07 04:19:55.520,0.07939,0.07941,0.07939,0.0794,1
2022-06-07 04:22:06.592,0.07936,0.07938,0.07935,0.07936,1
2022-06-07 04:22:06.592,0.0794,0.0794,0.07933,0.07936,1
2022-06-07 04:24:17.664,0.07946,0.07953,0.07945,0.07952,1
2022-06-07 04:24:17.664,0.07936,0.07946,0.07936,0.07946,1
2022-06-07 04:26:28.736,0.07952,0.07958,0.07952,0.07958,1
2022-06-07 04:26:28.736,0.07959,0.07959,0.07955,0.07956,1
2022-06-07 04:28:39.808,0.07956,0.07963,0.07954,0.07954,1
2022-06-07 04:28:39.808,0.07954,0.07958,0.07951,0.07957,1
2022-06-07 04:30:50.880,0.07958,0.0796,0.07945,0.07948,1
2022-06-07 04:30:50.880,0.07948,0.07949,0.07947,0.07947,1
2022-06-07 04:33:01.952,0.07943,0.07943,0.07942,0.07942,1
2022-06-07 04:33:01.952,0.07947,0.07947,0.07939,0.0794,1
2022-06-07 04:33:01.952,0.0794,0.07945,0.0794,0.07943,1
2022-06-07 04:35:13.024,0.07942,0.07945,0.07942,0.07944,1
2022-06-07 04:35:13.024,0.07944,0.07949,0.07944,0.07948,1
2022-06-07 04:37:24.096,0.07947,0.07947,0.07943,0.07945,1
2022-06-07 04:37:24.096,0.07945,0.07946,0.07945,0.07946,1
2022-06-07 04:39:35.168,0.07946,0.07946,0.07942,0.07942,1
2022-06-07 04:39:35.168,0.07942,0.07952,0.07942,0.07948,1
2022-06-07 04:41:46.240,0.07948,0.07955,0.07945,0.07955,1
2022-06-07 04:41:46.240,0.07955,0.07958,0.07951,0.07952,1
2022-06-07 04:43:57.312,0.07947,0.07949,0.07944,0.07945,1
2022-06-07 04:43:57.312,0.07949,0.07951,0.07947,0.07947,1
2022-06-07 04:43:57.312,0.07952,0.07952,0.07948,0.07949,1
2022-06-07 04:46:08.384,0.07945,0.07947,0.07945,0.07947,1
2022-06-07 04:46:08.384,0.07947,0.07951,0.07946,0.07948,1
2022-06-07 04:48:19.456,0.07948,0.07951,0.07948,0.07951,1
2022-06-07 04:48:19.456,0.07951,0.07957,0.07951,0.07957,1
2022-06-07 04:50:30.528,0.07957,0.07957,0.07955,0.07955,1
2022-06-07 04:50:30.528,0.07955,0.07955,0.07949,0.07949,1
2022-06-07 04:52:41.600,0.07949,0.0795,0.07947,0.07947,1
2022-06-07 04:52:41.600,0.07947,0.07947,0.07943,0.07945,1
2022-06-07 04:54:52.672,0.07947,0.07951,0.07947,0.07947,1
2022-06-07 04:54:52.672,0.07945,0.07947,0.07942,0.07947,1
2022-06-07 04:57:03.744,0.07949,0.07949,0.07947,0.07948,1
2022-06-07 04:57:03.744,0.07948,0.07949,0.07945,0.07949,1
2022-06-07 04:57:03.744,0.07947,0.07949,0.07947,0.07949,1
2022-06-07 04:59:14.816,0.07949,0.07949,0.07943,0.07945,1
2022-06-07 04:59:14.816,0.07945,0.07946,0.07943,0.07944,1
2022-06-07 05:01:25.888,0.07944,0.07949,0.07944,0.07948,1
2022-06-07 05:01:25.888,0.07948,0.07953,0.07947,0.07951,1
2022-06-07 05:03:36.960,0.07951,0.07952,0.07948,0.07948,1
2022-06-07 05:03:36.960,0.07948,0.07948,0.07944,0.07944,1
2022-06-07 05:05:48.032,0.0794,0.07945,0.0794,0.07945,1
2022-06-07 05:05:48.032,0.07944,0.07946,0.0794,0.0794,1
2022-06-07 05:07:59.104,0.0795,0.07953,0.07948,0.07949,1
2022-06-07 05:07:59.104,0.07945,0.07957,0.07944,0.07955,1
2022-06-07 05:07:59.104,0.07955,0.07955,0.0795,0.0795,1
2022-06-07 05:10:10.176,0.07949,0.07952,0.07945,0.07945,1
2022-06-07 05:10:10.176,0.07945,0.07945,0.0794,0.07942,1
2022-06-07 05:12:21.248,0.07942,0.07946,0.07938,0.07946,1
2022-06-07 05:12:21.248,0.07946,0.07946,0.07938,0.07938,1
2022-06-07 05:14:32.320,0.07938,0.07939,0.07931,0.07933,1
2022-06-07 05:14:32.320,0.07933,0.07935,0.07931,0.07933,1
2022-06-07 05:16:43.392,0.07933,0.07933,0.07929,0.07929,1
2022-06-07 05:16:43.392,0.0793,0.0793,0.07923,0.07927,1
2022-06-07 05:18:54.464,0.07927,0.07933,0.07927,0.07929,1
2022-06-07 05:18:54.464,0.07929,0.07934,0.07929,0.07934,1
2022-06-07 05:21:05.536,0.07935,0.07941,0.07931,0.07941,1
2022-06-07 05:21:05.536,0.07941,0.07944,0.07932,0.07932,1
2022-06-07 05:21:05.536,0.07934,0.07935,0.07932,0.07935,1
2022-06-07 05:23:16.608,0.07932,0.07932,0.07908,0.07908,1
2022-06-07 05:23:16.608,0.07908,0.07914,0.07904,0.07909,1
2022-06-07 05:25:27.680,0.07909,0.07914,0.07908,0.07911,1
2022-06-07 05:25:27.680,0.07911,0.07917,0.0791,0.0791,1
2022-06-07 05:27:38.752,0.07907,0.07915,0.07905,0.07915,1
2022-06-07 05:27:38.752,0.0791,0.07913,0.07907,0.07907,1
2022-06-07 05:29:49.824,0.07911,0.0792,0.07911,0.07917,1
2022-06-07 05:29:49.824,0.07915,0.07916,0.07911,0.07911,1
2022-06-07 05:32:00.896,0.07925,0.07932,0.07922,0.07932,1
2022-06-07 05:32:00.896,0.07917,0.07924,0.07917,0.07924,1
2022-06-07 05:32:00.896,0.07924,0.07927,0.07924,0.07925,1
2022-06-07 05:34:11.968,0.07932,0.07933,0.0793,0.07932,1
2022-06-07 05:34:11.968,0.07932,0.07935,0.07931,0.07932,1
2022-06-07 05:36:23.040,0.07932,0.07939,0.07931,0.07931,1
2022-06-07 05:36:23.040,0.07931,0.07937,0.07929,0.07936,1
2022-06-07 05:38:34.112,0.07936,0.07936,0.07923,0.07923,1
2022-06-07 05:38:34.112,0.07923,0.07928,0.07921,0.07925,1
2022-06-07 05:40:45.184,0.07926,0.0793,0.07926,0.0793,1
2022-06-07 05:40:45.184,0.07925,0.0793,0.07925,0.07926,1
2022-06-07 05:42:56.256,0.07929,0.07929,0.07928,0.07929,1
2022-06-07 05:42:56.256,0.07929,0.0793,0.07927,0.07929,1
2022-06-07 05:42:56.256,0.0793,0.07932,0.07929,0.07929,1
2022-06-07 05:45:07.328,0.07929,0.0793,0.07926,0.07926,1
2022-06-07 05:45:07.328,0.07926,0.07926,0.07922,0.07922,1
2022-06-07 05:47:18.400,0.07922,0.07934,0.07922,0.07934,1
2022-06-07 05:47:18.400,0.07934,0.07939,0.07934,0.07937,1
2022-06-07 05:49:29.472,0.07937,0.07938,0.07937,0.07938,1
2022-06-07 05:49:29.472,0.07938,0.07941,0.07936,0.07941,1
2022-06-07 05:51:40.544,0.07951,0.07954,0.07949,0.0795,1
2022-06-07 05:51:40.544,0.07942,0.07952,0.07941,0.07951,1
2022-06-07 05:53:51.616,0.0795,0.07958,0.0795,0.07958,1
2022-06-07 05:53:51.616,0.07958,0.07958,0.07948,0.07948,1
2022-06-07 05:56:02.688,0.07947,0.07948,0.0794,0.07945,1
2022-06-07 05:56:02.688,0.07948,0.07952,0.07946,0.07947,1
2022-06-07 05:56:02.688,0.07947,0.07948,0.07945,0.07947,1
2022-06-07 05:58:13.760,0.07945,0.07946,0.07937,0.07937,1
2022-06-07 05:58:13.760,0.07937,0.07938,0.07933,0.07934,1
2022-06-07 06:00:24.832,0.07934,0.07937,0.07931,0.07933,1
2022-06-07 06:00:24.832,0.07933,0.07943,0.07933,0.07941,1
2022-06-07 06:02:35.904,0.07941,0.07942,0.07935,0.0794,1
2022-06-07 06:02:35.904,0.0794,0.07948,0.07939,0.07944,1
2022-06-07 06:04:46.976,0.0794,0.07941,0.07938,0.07941,1
2022-06-07 06:04:46.976,0.07944,0.07946,0.07937,0.0794,1
2022-06-07 06:06:58.048,0.07939,0.0794,0.07937,0.07937,1
2022-06-07 06:06:58.048,0.07937,0.07938,0.07935,0.07935,1
2022-06-07 06:06:58.048,0.0794,0.07941,0.07938,0.07939,1
2022-06-07 06:09:09.120,0.07935,0.07935,0.07928,0.07931,1
2022-06-07 06:09:09.120,0.07931,0.07935,0.0793,0.07931,1
2022-06-07 06:11:20.192,0.07931,0.07933,0.0793,0.07933,1
2022-06-07 06:11:20.192,0.07933,0.07935,0.07933,0.07935,1
2022-06-07 06:13:31.264,0.07935,0.07938,0.07934,0.07937,1
2022-06-07 06:13:31.264,0.07937,0.07937,0.07924,0.07924,1
2022-06-07 06:15:42.336,0.07931,0.07932,0.07925,0.07925,1
2022-06-07 06:15:42.336,0.07924,0.07933,0.07922,0.07931,1
2022-06-07 06:17:53.408,0.07925,0.07928,0.07925,0.07926,1
2022-06-07 06:17:53.408,0.07926,0.07938,0.07926,0.07936,1
2022-06-07 06:20:04.480,0.07936,0.07936,0.07932,0.07932,1
2022-06-07 06:20:04.480,0.07932,0.07936,0.07931,0.07933,1
2022-06-07 06:20:04.480,0.07933,0.07934,0.07927,0.07928,1
2022-06-07 06:22:15.552,0.07928,0.07928,0.0792,0.07926,1
2022-06-07 06:22:15.552,0.07927,0.07928,0.07923,0.07923,1
2022-06-07 06:24:26.624,0.07923,0.0793,0.07923,0.0793,1
2022-06-07 06:24:26.624,0.0793,0.07934,0.0793,0.07933,1
2022-06-07 06:26:37.696,0.0794,0.07944,0.07938,0.07943,1
2022-06-07 06:26:37.696,0.07933,0.0794,0.07933,0.0794,1
2022-06-07 06:28:48.768,0.07949,0.0795,0.07947,0.07949,1
2022-06-07 06:28:48.768,0.07943,0.07949,0.07942,0.07949,1
2022-06-07 06:30:59.840,0.07949,0.0795,0.07948,0.0795,1
2022-06-07 06:30:59.840,0.0795,0.07951,0.0795,0.0795,1
2022-06-07 06:30:59.840,0.0795,0.0795,0.07945,0.07945,1
2022-06-07 06:33:10.912,0.07945,0.07947,0.07939,0.0794,1
2022-06-07 06:33:10.912,0.0794,0.0794,0.07936,0.07936,1
2022-06-07 06:35:21.984,0.07936,0.07946,0.07936,0.07946,1
2022-06-07 06:35:21.984,0.07946,0.07953,0.07943,0.07952,1
2022-06-07 06:37:33.056,0.07953,0.07954,0.07952,0.07954,1
2022-06-07 06:37:33.056,0.07952,0.07958,0.0795,0.07953,1
2022-06-07 06:39:44.128,0.07955,0.07958,0.07954,0.07958,1
2022-06-07 06:39:44.128,0.07958,0.0797,0.07958,0.0797,1
2022-06-07 06:41:55.200,0.07971,0.07972,0.07961,0.07964,1
2022-06-07 06:41:55.200,0.0797,0.0797,0.07965,0.07967,1
2022-06-07 06:41:55.200,0.07967,0.07971,0.07966,0.07971,1
2022-06-07 06:44:06.272,0.07964,0.07964,0.07959,0.07959,1
2022-06-07 06:44:06.272,0.07959,0.07959,0.07952,0.07953,1
2022-06-07 06:46:17.344,0.07953,0.07955,0.07953,0.07954,1
2022-06-07 06:46:17.344,0.07954,0.07954,0.0795,0.0795,1
2022-06-07 06:48:28.416,0.0795,0.07957,0.0795,0.07957,1
2022-06-07 06:48:28.416,0.07957,0.07971,0.07957,0.0797,1
2022-06-07 06:50:39.488,0.0797,0.07975,0.07968,0.07975,1
2022-06-07 06:50:39.488,0.07975,0.07975,0.07969,0.0797,1
2022-06-07 06:52:50.560,0.0797,0.0797,0.07967,0.0797,1
2022-06-07 06:52:50.560,0.0797,0.0797,0.07965,0.07969,1
2022-06-07 06:55:01.632,0.07966,0.07966,0.07961,0.07964,1
2022-06-07 06:55:01.632,0.07964,0.0797,0.07964,0.0797,1
2022-06-07 06:55:01.632,0.07969,0.07969,0.07965,0.07966,1
2022-06-07 06:57:12.704,0.0797,0.07972,0.07968,0.07968,1
2022-06-07 06:57:12.704,0.07968,0.07974,0.07968,0.07973,1
2022-06-07 06:59:23.776,0.07973,0.07974,0.07971,0.07972,1
2022-06-07 06:59:23.776,0.07972,0.07981,0.07971,0.07981,1
2022-06-07 07:01:34.848,0.07979,0.07981,0.07977,0.07977,1
2022-06-07 07:01:34.848,0.07981,0.07991,0.07979,0.07979,1
2022-06-07 07:03:45.920,0.07973,0.07973,0.07968,0.07968,1
2022-06-07 07:03:45.920,0.07977,0.07977,0.07973,0.07973,1
2022-06-07 07:05:56.992,0.07971,0.07972,0.0797,0.07972,1
2022-06-07 07:05:56.992,0.07968,0.07968,0.07965,0.07967,1
2022-06-07 07:05:56.992,0.07967,0.07971,0.07965,0.07971,1
2022-06-07 07:08:08.064,0.07972,0.07984,0.07972,0.07983,1
2022-06-07 07:08:08.064,0.07983,0.07983,0.07981,0.07982,1
2022-06-07 07:10:19.136,0.07982,0.07986,0.07975,0.07986,1
2022-06-07 07:10:19.136,0.07986,0.07986,0.07979,0.07979,1
2022-06-07 07:12:30.208,0.07979,0.07981,0.07979,0.07979,1
2022-06-07 07:12:30.208,0.07979,0.07985,0.07979,0.07985,1
2022-06-07 07:14:41.280,0.07989,0.07989,0.07985,0.07986,1
2022-06-07 07:14:41.280,0.07985,0.07991,0.07985,0.07989,1
2022-06-07 07:16:52.352,0.07985,0.07985,0.07978,0.07981,1
2022-06-07 07:16:52.352,0.07987,0.07989,0.07984,0.07985,1
2022-06-07 07:19:03.424,0.07981,0.07983,0.07979,0.07979,1
2022-06-07 07:19:03.424,0.07979,0.07979,0.07969,0.07969,1
2022-06-07 07:19:03.424,0.07969,0.07973,0.07969,0.07972,1
2022-06-07 07:21:14.496,0.07972,0.07973,0.07959,0.0796,1
2022-06-07 07:21:14.496,0.0796,0.07966,0.0796,0.07965,1
2022-06-07 07:23:25.568,0.07965,0.07974,0.07965,0.07974,1
2022-06-07 07:23:25.568,0.07974,0.0798,0.07974,0.0798,1
2022-06-07 07:25:36.640,0.07977,0.07982,0.07973,0.07982,1
2022-06-07 07:25:36.640,0.0798,0.07981,0.07976,0.07977,1
2022-06-07 07:27:47.712,0.07982,0.07982,0.0798,0.0798,1
2022-06-07 07:27:47.712,0.0798,0.07983,0.0798,0.07983,1
2022-06-07 07:29:58.784,0.07983,0.07983,0.07978,0.07979,1
2022-06-07 07:29:58.784,0.07983,0.07988,0.07982,0.07982,1
2022-06-07 07:29:58.784,0.07982,0.07986,0.0798,0.07983,1
2022-06-07 07:32:09.856,0.07979,0.0798,0.07978,0.0798,1
2022-06-07 07:32:09.856,0.0798,0.07987,0.07978,0.07987,1
2022-06-07 07:34:20.928,0.07987,0.07987,0.07978,0.0798,1
2022-06-07 07:34:20.928,0.07981,0.07981,0.07977,0.0798,1
2022-06-07 07:36:32.000,0.0798,0.07982,0.07978,0.0798,1
2022-06-07 07:36:32.000,0.0798,0.07981,0.07976,0.07981,1
2022-06-07 07:38:43.072,0.07985,0.07987,0.0798,0.07983,1
2022-06-07 07:38:43.072,0.07981,0.07988,0.07979,0.07985,1
2022-06-07 07:40:54.144,0.07988,0.07992,0.07988,0.07991,1
2022-06-07 07:40:54.144,0.07983,0.07989,0.07982,0.07988,1
2022-06-07 07:43:05.216,0.07991,0.08002,0.07991,0.08,1
2022-06-07 07:43:05.216,0.08,0.08,0.07996,0.07996,1
2022-06-07 07:43:05.216,0.07996,0.07997,0.0799,0.0799,1
2022-06-07 07:45:16.288,0.0799,0.07998,0.07989,0.07998,1
2022-06-07 07:45:16.288,0.07998,0.07999,0.07992,0.07994,1
2022-06-07 07:47:27.360,0.07994,0.07995,0.07993,0.07993,1
2022-06-07 07:47:27.360,0.07993,0.08001,0.07993,0.07995,1
2022-06-07 07:49:38.432,0.07995,0.07996,0.07994,0.07994,1
2022-06-07 07:49:38.432,0.07995,0.07997,0.07994,0.07994,1
2022-06-07 07:51:49.504,0.07994,0.08002,0.07994,0.07994,1
2022-06-07 07:51:49.504,0.07995,0.07995,0.0799,0.07994,1
2022-06-07 07:54:00.576,0.07994,0.07996,0.07994,0.07995,1
2022-06-07 07:54:00.576,0.07995,0.07996,0.07991,0.07996,1
2022-06-07 07:54:00.576,0.07996,0.08001,0.07995,0.08001,1
2022-06-07 07:56:11.648,0.08001,0.08001,0.07997,0.07998,1
2022-06-07 07:56:11.648,0.07998,0.08011,0.07996,0.07996,1
2022-06-07 07:58:22.720,0.07996,0.07999,0.07996,0.07997,1
2022-06-07 07:58:22.720,0.07997,0.08003,0.07997,0.08003,1
2022-06-07 08:00:33.792,0.08008,0.08008,0.08002,0.08003,1
2022-06-07 08:00:33.792,0.08003,0.08008,0.07998,0.08008,1
2022-06-07 08:02:44.864,0.08006,0.08008,0.07995,0.08004,1
2022-06-07 08:02:44.864,0.08003,0.08006,0.07998,0.08006,1
2022-06-07 08:04:55.936,0.08004,0.08006,0.08001,0.08006,1
2022-06-07 08:04:55.936,0.08006,0.08007,0.07997,0.08007,1
2022-06-07 08:04:55.936,0.08007,0.08012,0.08006,0.08012,1
2022-06-07 08:07:07.008,0.08012,0.08012,0.0801,0.08012,1
2022-06-07 08:07:07.008,0.08012,0.08012,0.08009,0.08009,1
2022-06-07 08:09:18.080,0.08009,0.08016,0.08009,0.08016,1
2022-06-07 08:09:18.080,0.08016,0.08017,0.0801,0.08013,1
2022-06-07 08:11:29.152,0.08022,0.08022,0.08009,0.08009,1
2022-06-07 08:11:29.152,0.08013,0.08026,0.08011,0.08024,1
2022-06-07 08:13:40.224,0.08009,0.08009,0.08005,0.08009,1
2022-06-07 08:13:40.224,0.08009,0.08011,0.08006,0.08007,1
2022-06-07 08:15:51.296,0.08007,0.0801,0.08,0.08003,1
2022-06-07 08:15:51.296,0.08003,0.08003,0.07998,0.08003,1
2022-06-07 08:18:02.368,0.0801,0.08011,0.08007,0.08008,1
2022-06-07 08:18:02.368,0.08003,0.08005,0.08,0.08002,1
2022-06-07 08:18:02.368,0.08002,0.0801,0.08002,0.0801,1
2022-06-07 08:20:13.440,0.08008,0.08008,0.08003,0.08003,1
2022-06-07 08:20:13.440,0.08003,0.08003,0.07999,0.07999,1
2022-06-07 08:22:24.512,0.07999,0.08,0.07998,0.08,1
2022-06-07 08:22:24.512,0.08,0.08003,0.08,0.08003,1
2022-06-07 08:24:35.584,0.08003,0.08003,0.08,0.08003,1
2022-06-07 08:24:35.584,0.08003,0.08004,0.08001,0.08001,1
2022-06-07 08:26:46.656,0.08003,0.08007,0.08003,0.08003,1
2022-06-07 08:26:46.656,0.08001,0.08003,0.08001,0.08003,1
2022-06-07 08:28:57.728,0.08007,0.08008,0.08004,0.08005,1
2022-06-07 08:28:57.728,0.08005,0.08005,0.08003,0.08004,1
2022-06-07 08:28:57.728,0.08003,0.08007,0.08002,0.08007,1
2022-06-07 08:31:08.800,0.08005,0.08005,0.08003,0.08003,1
2022-06-07 08:31:08.800,0.08003,0.08004,0.08001,0.08001,1
2022-06-07 08:33:19.872,0.08001,0.08004,0.08,0.08003,1
2022-06-07 08:33:19.872,0.08003,0.08004,0.08003,0.08004,1
2022-06-07 08:35:30.944,0.08004,0.08005,0.08002,0.08005,1
2022-06-07 08:35:30.944,0.08004,0.08011,0.08004,0.08011,1
2022-06-07 08:37:42.016,0.08009,0.08011,0.08009,0.08011,1
2022-06-07 08:37:42.016,0.08011,0.08013,0.08008,0.08009,1
2022-06-07 08:39:53.088,0.08011,0.08023,0.08008,0.08015,1
2022-06-07 08:39:53.088,0.08015,0.08024,0.08014,0.08022,1
2022-06-07 08:42:04.160,0.08022,0.08022,0.08015,0.08016,1
2022-06-07 08:42:04.160,0.08016,0.08016,0.08011,0.08011,1
2022-06-07 08:42:04.160,0.08011,0.08013,0.08009,0.08011,1
2022-06-07 08:44:15.232,0.08011,0.08011,0.08007,0.08007,1
2022-06-07 08:44:15.232,0.08007,0.08012,0.08007,0.08009,1
2022-06-07 08:46:26.304,0.08009,0.08009,0.08003,0.08003,1
2022-06-07 08:46:26.304,0.08003,0.08004,0.07997,0.07998,1
2022-06-07 08:48:37.376,0.08004,0.08007,0.08002,0.08003,1
2022-06-07 08:48:37.376,0.07998,0.08004,0.07998,0.08004,1
2022-06-07 08:50:48.448,0.08008,0.08008,0.08,0.08,1
2022-06-07 08:50:48.448,0.08003,0.08008,0.08002,0.08008,1
2022-06-07 08:52:59.520,0.08,0.08002,0.07998,0.08002,1
2022-06-07 08:52:59.520,0.08002,0.08004,0.08002,0.08002,1
2022-06-07 08:52:59.520,0.08001,0.08002,0.08001,0.08001,1
2022-06-07 08:55:10.592,0.08001,0.08001,0.07998,0.07998,1
2022-06-07 08:55:10.592,0.07998,0.07999,0.07998,0.07999,1
2022-06-07 08:57:21.664,0.07999,0.07999,0.07998,0.07998,1
2022-06-07 08:57:21.664,0.07998,0.08,0.07998,0.07999,1
2022-06-07 08:59:32.736,0.07996,0.07998,0.07995,0.07996,1
2022-06-07 08:59:32.736,0.07999,0.07999,0.07995,0.07996,1
2022-06-07 09:01:43.808,0.07996,0.07998,0.07996,0.07996,1
2022-06-07 09:01:43.808,0.07996,0.07998,0.07996,0.07998,1
2022-06-07 09:03:54.880,0.07987,0.07989,0.07983,0.07989,1
2022-06-07 09:03:54.880,0.07998,0.07998,0.07991,0.07992,1
2022-06-07 09:03:54.880,0.07992,0.07992,0.07987,0.07987,1
2022-06-07 09:06:05.952,0.07989,0.07998,0.07989,0.07998,1
2022-06-07 09:06:05.952,0.07998,0.07998,0.07995,0.07997,1
2022-06-07 09:08:17.024,0.07997,0.07997,0.07996,0.07996,1
2022-06-07 09:08:17.024,0.07996,0.07999,0.07995,0.07998,1
2022-06-07 09:10:28.096,0.07998,0.07999,0.07996,0.07997,1
2022-06-07 09:10:28.096,0.07997,0.07997,0.07993,0.07993,1
2022-06-07 09:12:39.168,0.07994,0.07997,0.07994,0.07995,1
2022-06-07 09:12:39.168,0.07993,0.07995,0.07991,0.07994,1
2022-06-07 09:14:50.240,0.07997,0.07997,0.07992,0.07996,1
2022-06-07 09:14:50.240,0.07995,0.07997,0.07994,0.07997,1
2022-06-07 09:17:01.312,0.07996,0.07998,0.07996,0.07997,1
2022-06-07 09:17:01.312,0.07997,0.08001,0.07994,0.08001,1
2022-06-07 09:17:01.312,0.08001,0.08004,0.08001,0.08003,1
2022-06-07 09:19:12.384,0.08003,0.08004,0.08001,0.08001,1
2022-06-07 09:19:12.384,0.08001,0.08001,0.07999,0.08001,1
2022-06-07 09:21:23.456,0.08001,0.08001,0.07998,0.07999,1
2022-06-07 09:21:23.456,0.07999,0.07999,0.0799,0.0799,1
2022-06-07 09:23:34.528,0.07996,0.07999,0.07996,0.07996,1
2022-06-07 09:23:34.528,0.0799,0.07996,0.0799,0.07996,1
2022-06-07 09:25:45.600,0.07996,0.07999,0.07996,0.07999,1
2022-06-07 09:25:45.600,0.07999,0.08,0.07998,0.08,1
2022-06-07 09:27:56.672,0.08,0.08002,0.08,0.08001,1
2022-06-07 09:27:56.672,0.08001,0.08002,0.07998,0.07998,1
2022-06-07 09:27:56.672,0.07998,0.08,0.07998,0.07999,1
2022-06-07 09:30:07.744,0.07999,0.08001,0.07998,0.08001,1
2022-06-07 09:30:07.744,0.08001,0.08002,0.07999,0.08001,1
2022-06-07 09:32:18.816,0.08001,0.08001,0.08,0.08,1
2022-06-07 09:32:18.816,0.07999,0.07999,0.07994,0.07994,1
2022-06-07 09:34:29.888,0.07992,0.07993,0.07992,0.07993,1
2022-06-07 09:34:29.888,0.07994,0.07995,0.07992,0.07992,1
2022-06-07 09:36:40.960,0.07997,0.07997,0.07993,0.07995,1
2022-06-07 09:36:40.960,0.07993,0.07998,0.07993,0.07997,1
2022-06-07 09:38:52.032,0.07995,0.07997,0.07995,0.07995,1
2022-06-07 09:38:52.032,0.07995,0.07997,0.07995,0.07996,1
2022-06-07 09:41:03.104,0.07996,0.07996,0.07986,0.07986,1
2022-06-07 09:41:03.104,0.07986,0.07989,0.07983,0.07985,1
2022-06-07 09:41:03.104,0.07985,0.07988,0.07985,0.07987,1
2022-06-07 09:43:14.176,0.07987,0.07988,0.07985,0.07986,1
2022-06-07 09:43:14.176,0.07986,0.07987,0.07986,0.07986,1
2022-06-07 09:45:25.248,0.07985,0.07987,0.07985,0.07986,1
2022-06-07 09:45:25.248,0.07986,0.07986,0.07984,0.07985,1
2022-06-07 09:47:36.320,0.07986,0.07989,0.07986,0.07989,1
2022-06-07 09:47:36.320,0.07989,0.0799,0.07986,0.07989,1
2022-06-07 09:49:47.392,0.07989,0.07989,0.07988,0.07988,1
2022-06-07 09:49:47.392,0.07988,0.07988,0.07984,0.07987,1
2022-06-07 09:51:58.464,0.07985,0.07987,0.07985,0.07986,1
2022-06-07 09:51:58.464,0.07987,0.07987,0.07984,0.07984,1
2022-06-07 09:51:58.464,0.07984,0.07985,0.07983,0.07985,1
2022-06-07 09:54:09.536,0.07986,0.07986,0.07985,0.07985,1
2022-06-07 09:54:09.536,0.07985,0.07988,0.07984,0.07984,1
2022-06-07 09:56:20.608,0.07984,0.07984,0.07978,0.07978,1
2022-06-07 09:56:20.608,0.07978,0.07985,0.07978,0.07985,1
2022-06-07 09:58:31.680,0.07985,0.07988,0.07984,0.07988,1
2022-06-07 09:58:31.680,0.07988,0.07988,0.07983,0.07983,1
2022-06-07 10:00:42.752,0.07983,0.07985,0.07982,0.07985,1
2022-06-07 10:00:42.752,0.07985,0.07989,0.07985,0.07987,1
2022-06-07 10:02:53.824,0.07985,0.07987,0.07984,0.07987,1
2022-06-07 10:02:53.824,0.07987,0.07989,0.07985,0.07985,1
2022-06-07 10:05:04.896,0.07987,0.07987,0.07986,0.07986,1
2022-06-07 10:05:04.896,0.07986,0.07987,0.07982,0.07985,1
2022-06-07 10:05:04.896,0.07985,0.07987,0.07984,0.07987,1
2022-06-07 10:07:15.968,0.07987,0.07989,0.07986,0.07989,1
2022-06-07 10:07:15.968,0.07989,0.07995,0.07989,0.07991,1
2022-06-07 10:09:27.040,0.07992,0.07996,0.07992,0.07995,1
2022-06-07 10:09:27.040,0.07991,0.07994,0.07991,0.07993,1
2022-06-07 10:11:38.112,0.07996,0.07997,0.07991,0.07992,1
2022-06-07 10:11:38.112,0.07995,0.07996,0.07994,0.07996,1
2022-06-07 10:13:49.184,0.07992,0.07994,0.07992,0.07992,1
2022-06-07 10:13:49.184,0.07992,0.07995,0.07992,0.07995,1
2022-06-07 10:16:00.256,0.07995,0.07996,0.07995,0.07996,1
2022-06-07 10:16:00.256,0.07996,0.07997,0.07989,0.07992,1
2022-06-07 10:16:00.256,0.07992,0.07994,0.07991,0.07991,1
2022-06-07 10:18:11.328,0.07991,0.07991,0.07986,0.07986,1
2022-06-07 10:18:11.328,0.07986,0.07989,0.07986,0.07986,1
2022-06-07 10:20:22.400,0.07986,0.07986,0.07982,0.07982,1
2022-06-07 10:20:22.400,0.07982,0.07985,0.07982,0.07984,1
2022-06-07 10:22:33.472,0.07983,0.07983,0.07982,0.07983,1
2022-06-07 10:22:33.472,0.07984,0.07984,0.07982,0.07983,1
2022-06-07 10:24:44.544,0.07984,0.07985,0.07984,0.07985,1
2022-06-07 10:24:44.544,0.07983,0.07985,0.07982,0.07984,1
2022-06-07 10:26:55.616,0.07985,0.07987,0.07985,0.07987,1
2022-06-07 10:26:55.616,0.07987,0.07997,0.07987,0.07995,1
2022-06-07 10:26:55.616,0.07995,0.07999,0.07995,0.07997,1
2022-06-07 10:29:06.688,0.07997,0.07997,0.07993,0.07994,1
2022-06-07 10:29:06.688,0.07994,0.07999,0.07993,0.07998,1
2022-06-07 10:31:17.760,0.07998,0.08002,0.07998,0.07998,1
2022-06-07 10:31:17.760,0.07998,0.08007,0.07998,0.08007,1
2022-06-07 10:33:28.832,0.08008,0.08009,0.08007,0.08008,1
2022-06-07 10:33:28.832,0.08007,0.08009,0.08002,0.08008,1
2022-06-07 10:35:39.904,0.08008,0.08009,0.08007,0.08009,1
2022-06-07 10:35:39.904,0.08009,0.08011,0.08008,0.0801,1
2022-06-07 10:37:50.976,0.0801,0.08011,0.08007,0.08008,1
2022-06-07 10:37:50.976,0.08008,0.0801,0.08008,0.08008,1
2022-06-07 10:40:02.048,0.08008,0.08008,0.08006,0.08008,1
2022-06-07 10:40:02.048,0.08009,0.08011,0.08009,0.08011,1
2022-06-07 10:40:02.048,0.08011,0.08011,0.08009,0.0801,1
2022-06-07 10:42:13.120,0.0801,0.08015,0.0801,0.08014,1
2022-06-07 10:42:13.120,0.08014,0.08014,0.08008,0.08009,1
2022-06-07 10:44:24.192,0.08009,0.08009,0.08005,0.08005,1
2022-06-07 10:44:24.192,0.08005,0.08012,0.08005,0.08011,1
2022-06-07 10:46:35.264,0.08013,0.08013,0.08009,0.0801,1
2022-06-07 10:46:35.264,0.08011,0.08015,0.08011,0.08013,1
2022-06-07 10:48:46.336,0.08006,0.08009,0.08006,0.08009,1
2022-06-07 10:48:46.336,0.0801,0.0801,0.08006,0.08006,1
2022-06-07 10:50:57.408,0.08009,0.08016,0.08009,0.08016,1
2022-06-07 10:50:57.408,0.08016,0.08018,0.08014,0.08015,1
2022-06-07 10:50:57.408,0.08015,0.08019,0.08015,0.08016,1
2022-06-07 10:53:08.480,0.08016,0.0802,0.08016,0.0802,1
2022-06-07 10:53:08.480,0.0802,0.08022,0.08019,0.08021,1
2022-06-07 10:55:19.552,0.08021,0.08022,0.0802,0.08021,1
2022-06-07 10:55:19.552,0.08021,0.08026,0.08021,0.08025,1
2022-06-07 10:57:30.624,0.08031,0.08033,0.08028,0.08028,1
2022-06-07 10:57:30.624,0.08026,0.08033,0.08024,0.08031,1
2022-06-07 10:59:41.696,0.08028,0.08028,0.08005,0.08007,1
2022-06-07 10:59:41.696,0.08007,0.08015,0.08004,0.08004,1
2022-06-07 11:01:52.768,0.08004,0.08004,0.07992,0.07995,1
2022-06-07 11:01:52.768,0.07995,0.08001,0.07949,0.07958,1
2022-06-07 11:04:03.840,0.07959,0.07972,0.07947,0.07949,1
2022-06-07 11:04:03.840,0.07949,0.07955,0.07948,0.07949,1
2022-06-07 11:04:03.840,0.07949,0.0796,0.07949,0.0796,1
2022-06-07 11:06:14.912,0.0796,0.07975,0.0796,0.07975,1
2022-06-07 11:06:14.912,0.07975,0.07985,0.07971,0.07978,1
2022-06-07 11:08:25.984,0.07969,0.07979,0.07969,0.07977,1
2022-06-07 11:08:25.984,0.07978,0.07982,0.07966,0.07968,1
2022-06-07 11:10:37.056,0.07944,0.07962,0.07939,0.07961,1
2022-06-07 11:10:37.056,0.07977,0.07977,0.07942,0.07944,1
2022-06-07 11:12:48.128,0.07961,0.0797,0.07958,0.07959,1
2022-06-07 11:12:48.128,0.07959,0.07962,0.07957,0.07961,1
2022-06-07 11:14:59.200,0.07961,0.07964,0.0796,0.07963,1
2022-06-07 11:14:59.200,0.07963,0.07973,0.07955,0.07972,1
2022-06-07 11:14:59.200,0.07972,0.07975,0.0797,0.07971,1
2022-06-07 11:17:10.272,0.07971,0.07971,0.07969,0.0797,1
2022-06-07 11:17:10.272,0.0797,0.07976,0.0797,0.07975,1
2022-06-07 11:19:21.344,0.07975,0.07975,0.07951,0.07952,1
2022-06-07 11:19:21.344,0.07975,0.07975,0.07971,0.07975,1
2022-06-07 11:21:32.416,0.07952,0.07952,0.07943,0.07948,1
2022-06-07 11:21:32.416,0.07948,0.07964,0.07942,0.07963,1
2022-06-07 11:23:43.488,0.07963,0.07965,0.07958,0.07959,1
2022-06-07 11:23:43.488,0.07959,0.07962,0.07958,0.07962,1
2022-06-07 11:25:54.560,0.07944,0.07959,0.07942,0.07959,1
2022-06-07 11:25:54.560,0.07963,0.07963,0.07962,0.07962,1
2022-06-07 11:25:54.560,0.07962,0.07962,0.07942,0.07944,1
2022-06-07 11:28:05.632,0.07959,0.07969,0.07959,0.07966,1
2022-06-07 11:28:05.632,0.07966,0.07974,0.07965,0.07965,1
2022-06-07 11:30:16.704,0.07965,0.07967,0.07956,0.07966,1
2022-06-07 11:30:16.704,0.07966,0.07974,0.07965,0.07972,1
2022-06-07 11:32:27.776,0.07972,0.07973,0.07969,0.07969,1
2022-06-07 11:32:27.776,0.07969,0.07969,0.07965,0.07965,1
2022-06-07 11:34:38.848,0.07966,0.07972,0.07966,0.07968,1
2022-06-07 11:34:38.848,0.07965,0.0797,0.07965,0.07966,1
2022-06-07 11:36:49.920,0.07956,0.07965,0.07952,0.07965,1
2022-06-07 11:36:49.920,0.07968,0.07968,0.07956,0.07956,1
2022-06-07 11:39:00.992,0.07965,0.07966,0.07957,0.07958,1
2022-06-07 11:39:00.992,0.07958,0.07963,0.07958,0.07961,1
2022-06-07 11:39:00.992,0.07961,0.07966,0.07959,0.07964,1
2022-06-07 11:41:12.064,0.07964,0.07966,0.07962,0.07964,1
2022-06-07 11:41:12.064,0.07964,0.07965,0.0796,0.0796,1
2022-06-07 11:43:23.136,0.0796,0.07961,0.07957,0.07958,1
2022-06-07 11:43:23.136,0.07958,0.07964,0.07958,0.0796,1
2022-06-07 11:45:34.208,0.07959,0.07962,0.07956,0.07962,1
2022-06-07 11:45:34.208,0.0796,0.0796,0.07956,0.07959,1
2022-06-07 11:47:45.280,0.07962,0.07971,0.07961,0.07969,1
2022-06-07 11:47:45.280,0.07969,0.07969,0.07964,0.07965,1
2022-06-07 11:49:56.352,0.07965,0.07967,0.07964,0.07967,1
2022-06-07 11:49:56.352,0.07967,0.07968,0.07966,0.07966,1
2022-06-07 11:49:56.352,0.07966,0.07968,0.07963,0.07963,1
2022-06-07 11:52:07.424,0.07963,0.07964,0.07954,0.07954,1
2022-06-07 11:52:07.424,0.07954,0.07957,0.07954,0.07954,1
2022-06-07 11:54:18.496,0.07954,0.07955,0.07951,0.07955,1
2022-06-07 11:54:18.496,0.07955,0.07959,0.07955,0.07957,1
2022-06-07 11:56:29.568,0.07959,0.07965,0.07958,0.07963,1
2022-06-07 11:56:29.568,0.07957,0.07959,0.07955,0.07959,1
2022-06-07 11:58:40.640,0.07959,0.0796,0.07958,0.07959,1
2022-06-07 11:58:40.640,0.07963,0.07963,0.07958,0.07959,1
2022-06-07 12:00:51.712,0.07959,0.07962,0.07954,0.07954,1
2022-06-07 12:00:51.712,0.07954,0.07955,0.07943,0.07951,1
2022-06-07 12:03:02.784,0.07951,0.07955,0.07949,0.07955,1
2022-06-07 12:03:02.784,0.07955,0.07956,0.07954,0.07955,1
2022-06-07 12:03:02.784,0.07955,0.07959,0.07952,0.07952,1
2022-06-07 12:05:13.856,0.07952,0.07953,0.07947,0.07953,1
2022-06-07 12:05:13.856,0.07953,0.07954,0.0795,0.07952,1
2022-06-07 12:07:24.928,0.07953,0.07953,0.0795,0.07951,1
2022-06-07 12:07:24.928,0.07952,0.07953,0.07952,0.07953,1
2022-06-07 12:09:36.000,0.07951,0.07952,0.07951,0.07951,1
2022-06-07 12:09:36.000,0.07951,0.07952,0.07945,0.07945,1
2022-06-07 12:11:47.072,0.07944,0.07947,0.07941,0.07946,1
2022-06-07 12:11:47.072,0.07946,0.07948,0.07943,0.07948,1
2022-06-07 12:13:58.144,0.07948,0.07952,0.07948,0.07951,1
2022-06-07 12:13:58.144,0.07951,0.07954,0.07946,0.07948,1
2022-06-07 12:13:58.144,0.07948,0.0795,0.07947,0.07948,1
2022-06-07 12:16:09.216,0.07948,0.07949,0.07946,0.07949,1
2022-06-07 12:16:09.216,0.07948,0.07949,0.07944,0.07944,1
2022-06-07 12:18:20.288,0.07944,0.07946,0.07944,0.07946,1
2022-06-07 12:18:20.288,0.07946,0.07946,0.07943,0.07945,1
2022-06-07 12:20:31.360,0.07947,0.07955,0.07947,0.07953,1
2022-06-07 12:20:31.360,0.07945,0.07947,0.07941,0.07947,1
2022-06-07 12:22:42.432,0.07936,0.07939,0.07936,0.07937,1
2022-06-07 12:22:42.432,0.07953,0.07953,0.07938,0.07938,1
2022-06-07 12:24:53.504,0.07937,0.07941,0.07927,0.07939,1
2022-06-07 12:24:53.504,0.07939,0.0794,0.07928,0.07932,1
2022-06-07 12:27:04.576,0.07932,0.0794,0.07932,0.07935,1
2022-06-07 12:27:04.576,0.07935,0.0794,0.07931,0.07935,1
2022-06-07 12:27:04.576,0.07935,0.07939,0.07934,0.07934,1
2022-06-07 12:29:15.648,0.07934,0.07936,0.07931,0.07931,1
2022-06-07 12:29:15.648,0.07931,0.07934,0.07927,0.07927,1
2022-06-07 12:31:26.720,0.07929,0.0793,0.07925,0.07925,1
2022-06-07 12:31:26.720,0.07927,0.0793,0.07924,0.07929,1
2022-06-07 12:33:37.792,0.07924,0.07935,0.07924,0.07935,1
2022-06-07 12:33:37.792,0.07935,0.07939,0.07934,0.07939,1
2022-06-07 12:35:48.864,0.07939,0.07944,0.07937,0.07937,1
2022-06-07 12:35:48.864,0.07937,0.07952,0.07937,0.07952,1
2022-06-07 12:37:59.936,0.07952,0.07961,0.07952,0.07961,1
2022-06-07 12:37:59.936,0.07961,0.07965,0.0796,0.07965,1
2022-06-07 12:37:59.936,0.07965,0.07966,0.07956,0.07956,1
2022-06-07 12:40:11.008,0.07956,0.07956,0.07952,0.07956,1
2022-06-07 12:40:11.008,0.07956,0.07959,0.07956,0.07959,1
2022-06-07 12:42:22.080,0.07952,0.07953,0.07948,0.07951,1
2022-06-07 12:42:22.080,0.07959,0.07959,0.07952,0.07952,1
2022-06-07 12:44:33.152,0.07956,0.07962,0.07956,0.07958,1
2022-06-07 12:44:33.152,0.07951,0.07958,0.07951,0.07956,1
2022-06-07 12:46:44.224,0.07957,0.07958,0.0795,0.0795,1
2022-06-07 12:46:44.224,0.0795,0.0795,0.07943,0.07945,1
2022-06-07 12:48:55.296,0.07945,0.07951,0.07943,0.07949,1
2022-06-07 12:48:55.296,0.0795,0.07953,0.07949,0.0795,1
2022-06-07 12:48:55.296,0.0795,0.07955,0.07949,0.07955,1
2022-06-07 12:51:06.368,0.07955,0.07956,0.07951,0.07955,1
2022-06-07 12:51:06.368,0.07955,0.07962,0.07954,0.07961,1
2022-06-07 12:53:17.440,0.07961,0.07963,0.07959,0.07962,1
2022-06-07 12:53:17.440,0.07962,0.07967,0.07956,0.07967,1
2022-06-07 12:55:28.512,0.07967,0.07975,0.07967,0.07973,1
2022-06-07 12:55:28.512,0.07973,0.07973,0.0797,0.0797,1
2022-06-07 12:57:39.584,0.0797,0.07973,0.07968,0.07973,1
2022-06-07 12:57:39.584,0.07973,0.07973,0.0796,0.07961,1
2022-06-07 12:59:50.656,0.07961,0.07961,0.07959,0.07959,1
2022-06-07 12:59:50.656,0.07959,0.07967,0.07959,0.07961,1
2022-06-07 13:02:01.728,0.07961,0.07961,0.07947,0.07953,1
2022-06-07 13:02:01.728,0.07953,0.07957,0.07951,0.07957,1
2022-06-07 13:02:01.728,0.07957,0.07959,0.07954,0.07955,1
2022-06-07 13:04:12.800,0.07955,0.07955,0.07954,0.07955,1
2022-06-07 13:04:12.800,0.07955,0.0796,0.07955,0.07957,1
2022-06-07 13:06:23.872,0.07957,0.07959,0.07954,0.07954,1
2022-06-07 13:06:23.872,0.07954,0.07957,0.07953,0.07953,1
2022-06-07 13:08:34.944,0.07953,0.07956,0.07953,0.07954,1
2022-06-07 13:08:34.944,0.07953,0.07953,0.07951,0.07953,1
2022-06-07 13:10:46.016,0.07961,0.07961,0.07958,0.07959,1
2022-06-07 13:10:46.016,0.07954,0.07964,0.07954,0.07961,1
2022-06-07 13:12:57.088,0.07959,0.07964,0.07959,0.07961,1
2022-06-07 13:12:57.088,0.07961,0.07961,0.07954,0.07955,1
2022-06-07 13:12:57.088,0.07955,0.07964,0.07954,0.07963,1
2022-06-07 13:15:08.160,0.07963,0.0797,0.07963,0.0797,1
2022-06-07 13:15:08.160,0.0797,0.0797,0.07965,0.07965,1
2022-06-07 13:17:19.232,0.07965,0.07967,0.07964,0.07967,1
2022-06-07 13:17:19.232,0.07967,0.07971,0.07967,0.07971,1
2022-06-07 13:19:30.304,0.07967,0.07967,0.07964,0.07966,1
2022-06-07 13:19:30.304,0.07971,0.07972,0.07966,0.07967,1
2022-06-07 13:21:41.376,0.07966,0.07968,0.07965,0.07967,1
2022-06-07 13:21:41.376,0.07967,0.07967,0.07965,0.07965,1
2022-06-07 13:23:52.448,0.07965,0.07967,0.07963,0.07967,1
2022-06-07 13:23:52.448,0.07967,0.0797,0.07967,0.07969,1
2022-06-07 13:26:03.520,0.07969,0.07973,0.07969,0.07973,1
2022-06-07 13:26:03.520,0.07973,0.07973,0.0797,0.07971,1
2022-06-07 13:26:03.520,0.07971,0.07972,0.07969,0.07972,1
2022-06-07 13:28:14.592,0.07972,0.0798,0.07972,0.0798,1
2022-06-07 13:28:14.592,0.0798,0.0798,0.07973,0.07977,1
2022-06-07 13:30:25.664,0.07971,0.07975,0.07963,0.07966,1
2022-06-07 13:30:25.664,0.07977,0.07977,0.07971,0.07971,1
2022-06-07 13:32:36.736,0.07976,0.07996,0.07976,0.07985,1
2022-06-07 13:32:36.736,0.07966,0.07976,0.07954,0.07976,1
2022-06-07 13:34:47.808,0.07985,0.07994,0.07982,0.07984,1
2022-06-07 13:34:47.808,0.07984,0.07991,0.07983,0.07987,1
2022-06-07 13:36:58.880,0.07987,0.07999,0.07986,0.07999,1
2022-06-07 13:36:58.880,0.07999,0.08,0.07994,0.07999,1
2022-06-07 13:36:58.880,0.07999,0.08006,0.07997,0.08004,1
2022-06-07 13:39:09.952,0.08004,0.08004,0.07993,0.07999,1
2022-06-07 13:39:09.952,0.07999,0.08009,0.07997,0.08009,1
2022-06-07 13:41:21.024,0.08006,0.08009,0.08002,0.08006,1
2022-06-07 13:41:21.024,0.08009,0.08009,0.08004,0.08006,1
2022-06-07 13:43:32.096,0.08009,0.08009,0.08003,0.08005,1
2022-06-07 13:43:32.096,0.08005,0.08008,0.08005,0.08005,1
2022-06-07 13:45:43.168,0.08005,0.08009,0.07999,0.08009,1
2022-06-07 13:45:43.168,0.08009,0.08015,0.08008,0.08012,1
2022-06-07 13:47:54.240,0.08012,0.08012,0.08002,0.08002,1
2022-06-07 13:47:54.240,0.08002,0.08002,0.07994,0.07996,1
2022-06-07 13:50:05.312,0.07996,0.08001,0.07994,0.07999,1
2022-06-07 13:50:05.312,0.07999,0.08005,0.07999,0.08002,1
2022-06-07 13:50:05.312,0.08002,0.08018,0.08001,0.08013,1
2022-06-07 13:52:16.384,0.08013,0.08015,0.08008,0.08013,1
2022-06-07 13:52:16.384,0.08013,0.08013,0.08002,0.08003,1
2022-06-07 13:54:27.456,0.08001,0.08008,0.08001,0.08008,1
2022-06-07 13:54:27.456,0.08003,0.08006,0.07999,0.08001,1
2022-06-07 13:56:38.528,0.08007,0.08007,0.07979,0.07983,1
2022-06-07 13:56:38.528,0.08008,0.08008,0.08004,0.08007,1
2022-06-07 13:58:49.600,0.07983,0.07991,0.07983,0.07986,1
2022-06-07 13:58:49.600,0.07986,0.07986,0.07981,0.07983,1
2022-06-07 14:01:00.672,0.07983,0.07986,0.07973,0.07979,1
2022-06-07 14:01:00.672,0.07979,0.07987,0.07979,0.07986,1
2022-06-07 14:01:00.672,0.07986,0.0799,0.07977,0.0798,1
2022-06-07 14:03:11.744,0.0798,0.0798,0.07977,0.07979,1
2022-06-07 14:03:11.744,0.07979,0.07989,0.07976,0.07989,1
2022-06-07 14:05:22.816,0.07992,0.07992,0.07983,0.07983,1
2022-06-07 14:05:22.816,0.07989,0.07994,0.07988,0.07992,1
2022-06-07 14:07:33.888,0.07983,0.07984,0.07978,0.07979,1
2022-06-07 14:07:33.888,0.07978,0.0798,0.07975,0.07976,1
2022-06-07 14:09:44.960,0.07976,0.07981,0.07976,0.07978,1
2022-06-07 14:09:44.960,0.07978,0.07981,0.07976,0.07976,1
2022-06-07 14:11:56.032,0.07976,0.07976,0.07964,0.07965,1
2022-06-07 14:11:56.032,0.07965,0.07972,0.07965,0.0797,1
2022-06-07 14:11:56.032,0.0797,0.07971,0.07967,0.07971,1
2022-06-07 14:14:07.104,0.07971,0.07973,0.0797,0.07973,1
2022-06-07 14:14:07.104,0.07973,0.07974,0.07968,0.07974,1
2022-06-07 14:16:18.176,0.07979,0.07984,0.07976,0.07984,1
2022-06-07 14:16:18.176,0.07974,0.07986,0.07974,0.0798,1
2022-06-07 14:18:29.248,0.07982,0.07982,0.07973,0.07976,1
2022-06-07 14:18:29.248,0.07984,0.07985,0.07981,0.07982,1
2022-06-07 14:20:40.320,0.07977,0.07986,0.07974,0.07985,1
2022-06-07 14:20:40.320,0.07985,0.0799,0.07983,0.0799,1
2022-06-07 14:22:51.392,0.07991,0.08001,0.07989,0.08001,1
2022-06-07 14:22:51.392,0.08001,0.08001,0.07992,0.08001,1
2022-06-07 14:25:02.464,0.08001,0.08002,0.07994,0.07996,1
2022-06-07 14:25:02.464,0.07996,0.07999,0.07992,0.07999,1
2022-06-07 14:25:02.464,0.07999,0.08002,0.07995,0.08,1
2022-06-07 14:27:13.536,0.08,0.08,0.07997,0.07998,1
2022-06-07 14:27:13.536,0.07998,0.08016,0.07998,0.08009,1
2022-06-07 14:29:24.608,0.08009,0.08012,0.08008,0.08011,1
2022-06-07 14:29:24.608,0.08011,0.08018,0.08008,0.08015,1
2022-06-07 14:31:35.680,0.08015,0.08017,0.08008,0.08008,1
2022-06-07 14:31:35.680,0.08008,0.08018,0.08008,0.08014,1
2022-06-07 14:33:46.752,0.08014,0.08019,0.08014,0.08019,1
2022-06-07 14:33:46.752,0.08019,0.08049,0.08016,0.08045,1
2022-06-07 14:35:57.824,0.08045,0.08045,0.08024,0.08029,1
2022-06-07 14:35:57.824,0.08029,0.0804,0.08028,0.08038,1
2022-06-07 14:35:57.824,0.08038,0.08045,0.0803,0.08045,1
2022-06-07 14:38:08.896,0.08044,0.08044,0.08035,0.08037,1
2022-06-07 14:38:08.896,0.08037,0.08044,0.08031,0.08034,1
2022-06-07 14:40:19.968,0.08027,0.08041,0.08027,0.08041,1
2022-06-07 14:40:19.968,0.08034,0.08035,0.08025,0.08027,1
2022-06-07 14:42:31.040,0.08038,0.08041,0.08035,0.08036,1
2022-06-07 14:42:31.040,0.08041,0.08042,0.08036,0.08038,1
2022-06-07 14:44:42.112,0.08036,0.08037,0.08032,0.08035,1
2022-06-07 14:44:42.112,0.08035,0.08041,0.08035,0.08041,1
2022-06-07 14:46:53.184,0.08041,0.08045,0.0804,0.0804,1
2022-06-07 14:46:53.184,0.0804,0.08044,0.0804,0.08042,1
2022-06-07 14:49:04.256,0.08042,0.08044,0.08041,0.08042,1
2022-06-07 14:49:04.256,0.08042,0.08047,0.08041,0.08042,1
2022-06-07 14:49:04.256,0.08042,0.08042,0.08036,0.08037,1
2022-06-07 14:51:15.328,0.08033,0.08039,0.08027,0.08039,1
2022-06-07 14:51:15.328,0.08037,0.08038,0.08033,0.08033,1
2022-06-07 14:53:26.400,0.08039,0.08042,0.08037,0.08041,1
2022-06-07 14:53:26.400,0.08041,0.08046,0.0804,0.0804,1
2022-06-07 14:55:37.472,0.0804,0.0804,0.08032,0.08035,1
2022-06-07 14:55:37.472,0.08035,0.08035,0.08031,0.08035,1
2022-06-07 14:57:48.544,0.08035,0.08035,0.08025,0.08027,1
2022-06-07 14:57:48.544,0.08027,0.0803,0.08024,0.08026,1
2022-06-07 14:59:59.616,0.08026,0.08029,0.08025,0.08028,1
2022-06-07 14:59:59.616,0.08028,0.0803,0.08021,0.08028,1
2022-06-07 14:59:59.616,0.08028,0.08028,0.08022,0.08024,1
2022-06-07 15:02:10.688,0.08026,0.08035,0.08026,0.08035,1
2022-06-07 15:02:10.688,0.08024,0.08029,0.08023,0.08026,1
2022-06-07 15:04:21.760,0.0802,0.08024,0.0801,0.0801,1
2022-06-07 15:04:21.760,0.08035,0.08036,0.0802,0.0802,1
2022-06-07 15:06:32.832,0.0801,0.08018,0.08009,0.08017,1
2022-06-07 15:06:32.832,0.08017,0.08022,0.08016,0.08016,1
2022-06-07 15:08:43.904,0.08016,0.08022,0.08015,0.08018,1
2022-06-07 15:08:43.904,0.08018,0.08025,0.08018,0.08025,1
2022-06-07 15:10:54.976,0.08025,0.08028,0.08021,0.08028,1
2022-06-07 15:10:54.976,0.08028,0.08029,0.08023,0.08023,1
2022-06-07 15:10:54.976,0.08023,0.0803,0.0802,0.0803,1
2022-06-07 15:13:06.048,0.08029,0.08032,0.08028,0.08032,1
2022-06-07 15:13:06.048,0.0803,0.08032,0.08025,0.08029,1
2022-06-07 15:15:17.120,0.08032,0.08032,0.08028,0.08028,1
2022-06-07 15:15:17.120,0.08028,0.0803,0.08028,0.0803,1
2022-06-07 15:17:28.192,0.0803,0.08036,0.08027,0.08027,1
2022-06-07 15:17:28.192,0.08027,0.0803,0.08024,0.08027,1
2022-06-07 15:19:39.264,0.08027,0.08027,0.08022,0.08025,1
2022-06-07 15:19:39.264,0.08025,0.08027,0.08023,0.08023,1
2022-06-07 15:21:50.336,0.08023,0.08024,0.08015,0.08018,1
2022-06-07 15:21:50.336,0.08018,0.08019,0.08009,0.08011,1
2022-06-07 15:24:01.408,0.08011,0.08017,0.0801,0.08016,1
2022-06-07 15:24:01.408,0.08016,0.08017,0.08015,0.08015,1
2022-06-07 15:24:01.408,0.08015,0.08017,0.08011,0.08012,1
2022-06-07 15:26:12.480,0.08012,0.08015,0.08011,0.08012,1
2022-06-07 15:26:12.480,0.08012,0.08015,0.08011,0.08012,1
2022-06-07 15:28:23.552,0.08012,0.08013,0.07996,0.08004,1
2022-06-07 15:28:23.552,0.08004,0.08007,0.07997,0.07997,1
2022-06-07 15:30:34.624,0.07997,0.08002,0.07996,0.08,1
2022-06-07 15:30:34.624,0.08,0.08012,0.08,0.08012,1
2022-06-07 15:32:45.696,0.08012,0.08012,0.08004,0.08006,1
2022-06-07 15:32:45.696,0.08006,0.08009,0.08004,0.08009,1
2022-06-07 15:34:56.768,0.08009,0.08009,0.08004,0.08009,1
2022-06-07 15:34:56.768,0.08009,0.08009,0.08004,0.08004,1
2022-06-07 15:34:56.768,0.08004,0.08007,0.08004,0.08004,1
2022-06-07 15:37:07.840,0.08004,0.08007,0.08001,0.08001,1
2022-06-07 15:37:07.840,0.08001,0.08003,0.07994,0.08003,1
2022-06-07 15:39:18.912,0.08003,0.0801,0.08003,0.08009,1
2022-06-07 15:39:18.912,0.08009,0.0801,0.08004,0.08004,1
2022-06-07 15:41:29.984,0.08004,0.08012,0.08003,0.08009,1
2022-06-07 15:41:29.984,0.08009,0.0801,0.08005,0.08005,1
2022-06-07 15:43:41.056,0.08005,0.08011,0.08004,0.08011,1
2022-06-07 15:43:41.056,0.08011,0.08012,0.08005,0.08008,1
2022-06-07 15:45:52.128,0.08008,0.08013,0.08007,0.08011,1
2022-06-07 15:45:52.128,0.08011,0.08022,0.08011,0.08015,1
2022-06-07 15:48:03.200,0.08017,0.08018,0.08005,0.08006,1
2022-06-07 15:48:03.200,0.08015,0.08017,0.08008,0.08011,1
2022-06-07 15:48:03.200,0.08011,0.08022,0.08009,0.08017,1
2022-06-07 15:50:14.272,0.08006,0.08025,0.08004,0.08025,1
2022-06-07 15:50:14.272,0.08025,0.08034,0.08024,0.08033,1
2022-06-07 15:52:25.344,0.08033,0.08047,0.08032,0.08047,1
2022-06-07 15:52:25.344,0.08046,0.08052,0.08044,0.08049,1
2022-06-07 15:54:36.416,0.08049,0.08052,0.0804,0.0804,1
2022-06-07 15:54:36.416,0.0804,0.0804,0.08034,0.08035,1
2022-06-07 15:56:47.488,0.08035,0.08042,0.08035,0.08042,1
2022-06-07 15:56:47.488,0.08042,0.08046,0.08039,0.08042,1
2022-06-07 15:58:58.560,0.08042,0.08045,0.08039,0.08042,1
2022-06-07 15:58:58.560,0.08042,0.08044,0.08041,0.08041,1
